idade_aluno,fase,turma,ponto_de_virada,pedra,ian,ida,ieg,iaa,ips,ipp,ipv,inde,instituicao_ensino_aluno_2020,anos_pm_2020
11,2,H,0,Ametista,10.0,7.0,8.7,8.500020000000001,7.5,5.9375,7.75,7.883752,Escola Pública,2
12,3,H,0,Ametista,10.0,5.5,8.9,7.91667,7.5,8.125,8.111113333333334,7.856389666666666,Escola Pública,2
10,1,D,0,Quartzo,5.0,0.0,4.1,8.000020000000001,6.875,7.1875,7.75,5.076252,Escola Pública,2
10,2,M,0,Ametista,10.0,7.5,8.0,7.50002,7.5,8.4375,8.166665,8.077085,Escola Pública,1
14,4,L,1,Ametista,10.0,7.333333333333333,9.9,8.33334,4.375,8.749999999999998,8.94445,8.381390666666666,Escola Particular,3
13,3,B,0,Quartzo,10.0,0.0,5.2,5.83333,3.75,7.96875,6.8333325,5.1618745,Escola Pública,1
8,0,A,1,Topázio,10.0,10.0,10.0,9.000020000000001,8.125,10.0,10.00001,9.712504000000001,Escola Pública,0
14,3,G,0,Quartzo,5.0,6.666666666666667,6.0,6.25,5.625,5.624999999999999,5.277770000000001,5.838887333333334,Escola Particular,3
11,2,M,0,Ágata,10.0,0.0,7.6,8.000020000000001,6.875,8.4375,7.916665,6.434585,Escola Pública,2
12,2,D,0,Quartzo,5.0,0.0,4.0,8.500020000000001,7.5,8.125,7.25,5.162502,Escola Pública,1
13,1,G,0,Ametista,5.0,10.0,6.8,9.500020000000001,7.5,6.5625,7.75,7.766252,Escola Pública,2
14,3,E,0,Ágata,5.0,6.5,7.0,9.58335,7.5,7.083333333333334,7.944446666666665,7.2055576666666665,Escola Pública,3
13,3,J,1,Topázio,10.0,9.0,9.6,9.58335,6.875,10.0,9.944453333333334,9.354725666666667,Escola Particular,2
7,0,C,0,Ágata,10.0,4.75,10.0,7.9166799999999995,7.5,2.5,6.916665,7.125001,Escola Pública,0
13,3,E,0,Ágata,10.0,8.666666666666666,4.5,6.66667,7.5,7.083333333333334,6.277773333333332,7.013888333333334,Escola Pública,0
12,2,C,0,Ametista,5.0,7.0,9.3,8.500020000000001,6.875,8.125,7.944443333333334,7.698890666666667,Escola Pública,2
18,7,B,0,Ágata,5.0,5.0,6.1,8.75001,6.25,7.65625,8.29167,6.64396,Escola Pública,3
14,3,C,0,Ametista,5.0,8.0,9.9,9.58335,7.5,8.749999999999998,8.222226666666668,8.307780333333334,Escola Pública,1
10,2,N,0,Ágata,10.0,2.5,7.7,10.000020000000001,4.375,6.458333333333333,7.77778,6.6788913333333335,Escola Pública,2
13,3,F,0,Ametista,10.0,8.333333333333334,9.4,6.24999,7.5,8.541666666666666,6.777780000000001,8.131388333333334,Escola Pública,3
11,1,D,0,Ametista,5.0,7.25,8.3,8.000020000000001,7.5,7.5,7.75,7.460002,Escola Pública,0
13,4,F,0,Ametista,10.0,7.0,7.5,7.5,7.5,7.96875,8.04167,7.8052090000000005,Escola Pública,2
9,1,M,0,Ágata,10.0,0.0,6.8,9.000020000000001,7.5,6.25,7.916665,6.218335,Escola Pública,0
11,1,G,0,Ágata,5.0,10.0,1.0,8.500020000000001,7.5,7.8125,7.75,6.631252,Escola Pública,1
8,0,C,0,Ágata,10.0,0.0,10.0,9.500020000000001,7.5,7.5,7.583335,6.966669,Escola Pública,0
8,0,D,0,Topázio,10.0,10.0,9.8,9.500020000000001,7.5,8.125,7.416665,8.955835,Escola Pública,1
10,2,F,0,Ametista,10.0,7.0,8.6,10.000020000000001,6.25,7.916666666666668,8.22222,8.181112666666667,Escola Pública,2
17,6,C,1,Ágata,5.0,6.333333333333333,9.0,0.0,7.5,8.28125,8.666667499999999,6.878125166666666,Escola Particular,3
16,6,B,0,Ametista,10.0,5.833333333333333,7.1,8.33334,6.25,7.5,7.5833325,7.311667166666667,Escola Particular,2
13,3,E,0,Ágata,10.0,6.0,3.6,8.75001,7.5,7.291666666666667,6.444439999999998,6.563055666666668,Escola Pública,0
17,5,F,0,Ametista,5.0,6.666666666666667,9.7,7.5,6.875,8.4375,8.124995,7.679582333333333,Escola Particular,4
10,1,N,0,Quartzo,5.0,0.0,6.5,9.000020000000001,7.5,6.875,7.333333333333333,5.604168666666667,Escola Pública,0
12,2,L,0,Ágata,5.0,3.5,6.9,7.9166799999999995,7.5,7.083333333333333,7.5,6.330001333333334,Escola Pública,0
10,1,F,0,Quartzo,5.0,0.0,7.6,9.000020000000001,7.5,7.1875,8.0,5.988752,Escola Pública,0
10,0,A,0,Ametista,5.0,9.5,10.0,8.500020000000001,5.0,2.5,7.749995,7.550001,Escola Pública,1
11,3,L,1,Topázio,10.0,9.0,10.0,10.000020000000001,10.0,9.375,9.75001,9.687504,Escola Particular,1
7,0,B,0,Topázio,10.0,10.0,10.0,8.91668,10.0,7.5,6.58333,8.958334,Escola Pública,0
10,1,A,0,Ametista,5.0,5.5,9.0,9.500020000000001,7.5,7.1875,7.666665,7.352085,Escola Pública,3
10,2,N,0,Ágata,10.0,0.0,9.2,6.9166799999999995,7.5,7.291666666666667,7.444443333333333,6.499723333333334,Escola Pública,1
15,4,L,1,Ametista,5.0,6.0,8.8,5.41667,7.5,8.125,9.11112,7.386391000000001,Escola Pública,1
9,0,D,0,Ametista,5.0,8.5,10.0,8.500020000000001,7.5,6.875,7.333335,7.954169,Escola Pública,0
14,4,B,1,Ametista,10.0,5.333333333333333,9.4,9.16668,5.625,8.958333333333332,9.166676666666666,8.155003333333333,Escola Particular,4
8,0,B,0,Topázio,10.0,8.5,10.0,9.000020000000001,10.0,7.5,6.999995,8.750001000000001,Escola Pública,0
9,0,D,0,Ágata,5.0,10.0,9.9,9.500020000000001,2.5,2.5,6.66666,7.263334,Escola Pública,1
17,6,A,0,Quartzo,5.0,3.6666666666666665,4.9,8.33334,7.5,7.5,5.7083325,5.688333833333334,Escola Pública,1
14,4,L,1,Ametista,10.0,6.666666666666667,9.2,8.33334,5.625,8.749999999999998,8.722226666666666,8.188612666666666,Escola Particular,4
11,2,D,1,Topázio,10.0,9.5,9.4,10.000020000000001,7.5,5.9375,9.58334,9.040420000000001,Escola Particular,2
9,0,G,0,Ametista,5.0,7.5,10.0,10.000020000000001,7.5,6.875,7.5,7.937502,Escola Pública,1
14,3,M,0,Ágata,5.0,7.666666666666667,5.8,8.33334,7.5,7.96875,7.5000025,7.073542833333333,Escola Pública,1
10,2,H,0,Ágata,10.0,4.5,6.4,9.000020000000001,6.875,5.625,7.58333,6.846668,Escola Pública,2
12,3,B,0,Ágata,10.0,4.0,6.0,7.08333,7.5,7.96875,7.5000025,6.7552085,Escola Pública,1
15,3,A,0,Ametista,5.0,6.666666666666667,8.2,9.58335,7.5,7.96875,6.791665,7.336876333333333,Escola Pública,1
18,7,A,1,Ágata,5.0,3.0,6.1,9.16668,6.875,7.5,8.791664999999998,6.432500999999999,Escola Pública,1
12,2,D,0,Ametista,5.0,6.0,8.0,9.500020000000001,7.5,8.4375,7.75,7.393752,Escola Pública,2
12,1,M,0,Ágata,5.0,7.5,6.5,9.000020000000001,4.375,6.875,7.916665,6.908335000000001,Escola Pública,2
9,1,J,0,Ametista,10.0,7.0,8.5,8.000020000000001,7.5,7.5,7.833333333333333,7.966668666666667,Escola Pública,0
8,0,F,0,Topázio,10.0,8.5,10.0,9.000020000000001,7.5,7.8125,7.333335,8.597919000000001,Escola Pública,0
13,3,B,0,Topázio,10.0,8.0,9.6,9.16668,7.5,7.96875,7.66667,8.516877,Escola Pública,0
10,0,H,0,Ametista,5.0,10.0,10.0,9.500020000000001,7.5,7.5,7.5,8.450002,Escola Pública,0
14,3,L,0,Ágata,5.0,4.5,7.7,7.91667,7.5,7.96875,7.8750025,6.8535425,Escola Pública,0
14,3,H,0,Ágata,5.0,5.333333333333333,6.8,7.91667,4.375,7.708333333333334,7.611103333333333,6.448887666666667,Escola Pública,2
11,1,M,0,Ametista,5.0,7.5,8.8,8.500020000000001,7.5,7.5,7.916665,7.693335000000001,Escola Pública,1
15,4,A,0,Quartzo,5.0,5.166666666666667,1.9,9.16668,6.875,7.916666666666667,5.111106666666666,5.331389333333334,Escola Pública,1
10,1,M,0,Ametista,5.0,9.5,8.9,8.000020000000001,7.5,7.1875,7.916665,8.032085,Escola Pública,0
8,1,D,0,Ametista,10.0,10.0,7.7,8.500020000000001,7.5,7.1875,7.416665,8.342085,Escola Pública,1
9,0,A,0,Ametista,5.0,9.5,10.0,9.000020000000001,8.125,2.5,7.666665,7.895835000000001,Escola Pública,1
10,1,C,0,Ágata,5.0,5.0,9.0,9.000020000000001,7.5,7.708333333333334,7.333333333333333,7.187502,Escola Pública,0
9,0,G,0,Quartzo,5.0,5.5,10.0,7.4166799999999995,5.625,2.5,3.500005,5.854169000000001,Escola Pública,1
14,4,F,0,Ametista,10.0,6.0,6.5,8.75001,7.5,8.28125,6.95833,7.344792,Escola Pública,3
10,0,D,0,Ametista,5.0,10.0,9.8,10.000020000000001,7.5,7.1875,7.5,8.428752,Escola Pública,1
9,1,A,0,Ametista,10.0,6.5,8.4,9.000020000000001,7.5,7.1875,7.25,7.798752,Escola Pública,1
16,5,A,0,Quartzo,5.0,2.0,4.0,7.5,4.375,6.666666666666667,5.444446666666667,4.643056,Escola Pública,2
17,5,L,0,Ágata,5.0,4.333333333333333,5.8,9.16668,7.5,8.125,5.499996666666667,6.105834000000001,Escola Pública,0
17,7,B,1,Ametista,10.0,7.333333333333333,9.1,7.91667,7.5,7.5,8.8333375,8.345001166666666,Escola Particular,1
9,1,C,0,Ágata,10.0,0.0,7.2,10.000020000000001,7.5,7.291666666666667,7.333333333333333,6.385835333333334,Escola Pública,2
13,2,C,0,Quartzo,5.0,0.0,8.0,9.000020000000001,7.5,7.291666666666667,7.277776666666666,5.934724000000001,Escola Pública,1
16,6,B,0,Ágata,10.0,3.0,8.7,7.5,5.625,8.125,8.333335,7.131667,Escola Pública,1
11,1,R,0,Ametista,5.0,7.5,9.5,9.500020000000001,7.5,9.166666666666666,8.611113333333334,8.238891333333333,Escola Pública,1
11,3,B,0,Ametista,10.0,6.333333333333333,9.0,6.24999,7.5,7.96875,8.6250075,7.963542166666667,Escola Particular,1
13,4,F,1,Ametista,10.0,4.666666666666667,9.0,10.000020000000001,7.5,8.59375,9.125007499999999,8.167711833333334,Escola Particular,3
10,1,M,0,Quartzo,5.0,0.0,7.1,8.500020000000001,7.5,7.8125,7.916665,5.8845849999999995,Escola Pública,1
12,2,J,0,Ágata,5.0,5.0,8.9,7.9166799999999995,7.5,6.666666666666667,8.11111,7.1105566666666675,Escola Particular,2
10,1,H,0,Ágata,5.0,6.75,6.4,9.500020000000001,7.5,7.916666666666668,7.777776666666667,7.177224000000001,Escola Pública,1
14,3,E,0,Quartzo,5.0,5.0,5.9,9.16668,3.75,7.708333333333334,6.611103333333333,6.064722,Escola Pública,2
10,1,H,0,Quartzo,5.0,0.0,2.3,8.000020000000001,5.0,7.291666666666667,7.444443333333333,4.478057333333334,Escola Pública,2
10,1,B,0,Ametista,5.0,8.5,8.8,8.500020000000001,7.5,8.4375,7.75,7.953752000000001,Escola Pública,2
12,1,G,0,Ágata,5.0,6.25,8.2,7.50002,5.0,2.5,7.75,6.440002,Escola Pública,3
10,1,D,0,Ametista,5.0,7.5,8.7,9.500020000000001,7.5,7.1875,7.75,7.708752,Escola Pública,1
11,0,G,0,Ametista,5.0,10.0,10.0,9.000020000000001,7.5,7.8125,7.5,8.431252,Escola Pública,1
11,1,J,0,Ametista,5.0,8.5,8.8,10.000020000000001,7.5,7.5,8.11111,8.082224,Escola Pública,1
8,0,E,0,Ametista,10.0,10.0,10.0,9.000020000000001,5.0,2.5,5.749995,7.800001000000001,Escola Pública,0
16,5,G,0,Quartzo,5.0,2.8333333333333335,0.9,7.91667,3.125,5.625,4.1250025,3.7383341666666663,Escola Pública,4
11,0,E,0,Ametista,5.0,10.0,10.0,9.000020000000001,8.125,2.5,7.000005,7.862503,Escola Pública,2
9,1,H,0,Ametista,10.0,7.5,8.3,10.000020000000001,7.5,7.916666666666668,7.777776666666667,8.257224,Escola Pública,2
16,3,J,0,Ágata,2.5,5.666666666666667,5.8,8.75001,7.5,8.125,6.66666,6.314166333333334,Escola Pública,0
10,2,G,0,Ágata,10.0,0.0,8.0,8.500020000000001,7.5,7.916666666666667,7.111106666666665,6.41389,Escola Pública,0
13,3,C,1,Ametista,10.0,9.0,4.7,7.08333,7.5,8.125,8.66667,7.744167,Escola Pública,2
10,1,C,0,Ágata,5.0,8.0,8.3,8.000020000000001,5.0,7.291666666666667,7.333333333333333,7.2558353333333345,Escola Pública,0
17,7,B,1,Topázio,10.0,7.666666666666667,9.2,8.33334,6.875,9.0625,9.666670000000002,8.733751333333334,Escola Particular,3
11,1,H,0,Quartzo,5.0,0.0,5.1,7.4166799999999995,5.0,6.041666666666666,7.444443333333333,4.854723333333333,Escola Pública,2
13,3,F,1,Topázio,10.0,7.0,9.8,10.000020000000001,5.0,8.125,9.333333333333332,8.539168666666667,Escola Pública,4
17,6,A,0,Ágata,5.0,6.333333333333333,8.3,8.33334,6.875,7.65625,7.04167,7.1214596666666665,Escola Particular,3
12,3,F,0,Topázio,10.0,8.666666666666666,9.6,8.33334,7.5,8.958333333333332,8.5,8.832500666666666,Escola Pública,1
16,6,A,0,Quartzo,10.0,4.5,6.1,0.0,5.625,5.78125,6.291665,5.518958,Escola Pública,3
14,3,C,0,Ágata,5.0,7.666666666666667,4.8,6.25,7.5,8.125,7.388886666666666,6.658610666666666,Escola Pública,1
13,4,F,0,Ametista,10.0,5.666666666666667,5.8,7.91667,7.5,8.125,8.5416725,7.355834833333334,Escola Pública,4
14,3,L,0,Ametista,5.0,8.0,9.4,7.08333,7.5,7.96875,7.4166675,7.718541500000001,Escola Pública,1
12,2,R,0,Quartzo,5.0,0.0,2.9,0.0,6.875,6.458333333333334,6.833326666666666,3.7799986666666667,Escola Pública,2
16,6,B,0,Quartzo,10.0,2.0,4.3,0.0,7.5,7.8125,7.1249975,5.2162495,Escola Pública,2
11,2,D,0,Ametista,10.0,5.0,9.4,9.000020000000001,7.5,8.125,7.5,7.8425020000000005,Escola Pública,0
9,0,H,1,Topázio,5.0,10.0,10.0,9.500020000000001,6.25,10.0,10.00001,9.075004,Escola Pública,1
13,5,B,0,Ametista,10.0,5.666666666666667,9.1,10.000020000000001,7.5,8.541666666666666,8.277783333333332,8.213058666666669,Escola Particular,3
8,0,H,0,Ágata,10.0,7.0,10.0,7.4166799999999995,4.375,2.5,2.5833399999999997,6.345836,Escola Pública,1
12,2,P,0,Ametista,5.0,9.0,9.7,9.000020000000001,5.0,8.749999999999998,7.833336666666668,8.081669333333334,Escola Pública,2
9,1,A,0,Topázio,10.0,10.0,9.3,9.500020000000001,7.5,7.8125,7.666665,8.874585000000002,Escola Pública,1
9,1,B,1,Topázio,10.0,9.5,9.4,8.000020000000001,7.5,8.125,9.000005,8.942503,Escola Pública,1
11,2,M,0,Ametista,10.0,5.0,7.9,9.500020000000001,8.75,8.4375,7.916665,7.832084999999999,Escola Pública,1
8,1,F,0,Topázio,10.0,9.5,7.8,9.000020000000001,7.5,7.1875,8.25,8.478752,Escola Pública,1
10,1,E,0,Ágata,5.0,5.0,5.2,9.000020000000001,6.875,8.541666666666668,8.055556666666668,6.59278,Escola Pública,1
14,4,B,0,Topázio,10.0,8.333333333333334,9.7,9.58335,7.5,8.749999999999998,8.277783333333334,8.845558333333333,Escola Pública,4
11,2,G,0,Ametista,10.0,7.5,7.4,8.500020000000001,5.625,8.125,8.222223333333332,7.849446666666667,Escola Particular,2
15,3,L,0,Quartzo,5.0,6.333333333333333,3.0,8.75001,7.5,7.8125,6.0416625,5.981250166666666,Escola Pública,0
10,1,H,0,Quartzo,5.0,0.0,7.8,7.33334,7.5,7.916666666666668,7.777776666666667,5.890556,Escola Pública,1
14,3,G,0,Quartzo,5.0,2.3333333333333335,6.1,8.75001,4.375,5.833333333333333,4.611106666666667,5.0047223333333335,Escola Particular,4
16,6,C,0,Quartzo,10.0,4.333333333333333,3.7,8.33334,5.0,7.03125,6.5833325,5.9597921666666664,Escola Pública,1
12,3,B,0,Ametista,10.0,7.666666666666667,9.0,8.333350000000001,7.5,7.5,7.2916675,8.125001833333334,Escola Particular,1
13,2,H,0,Ágata,5.0,4.0,8.4,9.000020000000001,5.0,5.625,7.75,6.492502,Escola Pública,1
11,1,G,0,Ametista,5.0,9.5,8.8,9.000020000000001,6.25,2.5,6.75,7.285002,Escola Pública,3
11,1,G,0,Ágata,5.0,5.5,7.4,9.000020000000001,6.25,7.1875,6.916665,6.707085000000001,Escola Pública,2
10,1,J,0,Ametista,5.0,8.0,8.3,9.500020000000001,6.875,7.083333333333333,7.666666666666666,7.6391686666666665,Escola Pública,1
9,1,N,0,Topázio,10.0,10.0,8.9,8.500020000000001,7.5,7.291666666666667,7.333333333333333,8.575835333333334,Escola Pública,1
17,7,B,1,Topázio,10.0,7.666666666666667,9.1,9.16668,7.5,8.75,9.2916725,8.753335833333333,Escola Particular,1
16,3,A,0,Ágata,2.5,6.333333333333333,8.8,9.16668,7.5,7.5,7.79167,7.251668666666667,Escola Pública,0
15,5,F,1,Ametista,10.0,6.666666666666667,9.2,7.91667,5.0,9.0625,9.250005,8.221251333333335,Escola Particular,3
15,5,B,0,Ametista,10.0,6.333333333333333,9.5,9.58335,6.875,8.958333333333332,8.388893333333336,8.386113666666667,Escola Particular,4
15,4,A,0,Ametista,5.0,6.0,10.0,8.75001,6.875,8.125,7.777783333333335,7.630557666666667,Escola Pública,1
9,1,B,0,Ametista,10.0,8.5,8.9,8.500020000000001,5.625,8.4375,8.0,8.336252,Escola Pública,1
14,3,J,1,Ametista,5.0,8.0,9.7,9.16668,5.625,8.958333333333334,9.777786666666666,8.370558666666668,Escola Particular,2
11,1,J,0,Ágata,5.0,5.75,8.6,7.50002,7.5,7.291666666666667,7.5,7.099168666666667,Escola Pública,1
11,3,C,0,Ágata,10.0,8.666666666666666,4.2,6.66667,4.375,8.125,8.500003333333334,7.1900010000000005,Escola Pública,3
14,1,R,0,Quartzo,2.5,0.0,4.4,9.000020000000001,7.5,7.291666666666667,4.388883333333333,4.386945333333334,Escola Pública,2
16,5,A,0,Ágata,5.0,3.6666666666666665,5.6,7.91667,7.5,7.291666666666667,7.444443333333334,6.113055666666667,Escola Pública,2
13,3,M,0,Ágata,10.0,4.333333333333333,5.2,10.000020000000001,7.5,6.09375,5.666665,6.399376666666667,Escola Pública,3
12,1,E,0,Ametista,5.0,10.0,8.4,9.500020000000001,5.625,7.708333333333334,7.777773333333332,8.018889999999999,Escola Pública,2
17,5,L,0,Ametista,5.0,7.333333333333333,9.6,8.75001,9.375,8.749999999999998,8.333333333333334,8.240834333333334,Escola Pública,1
10,1,F,0,Ágata,5.0,6.5,6.2,8.500020000000001,5.0,6.5625,8.0,6.6462520000000005,Escola Pública,2
14,3,A,0,Ametista,5.0,7.666666666666667,9.9,7.91667,7.5,7.96875,7.7500025,7.901875833333333,Escola Pública,0
11,2,D,0,Quartzo,10.0,1.0,0.0,9.500020000000001,7.5,8.125,7.0,5.112502,Escola Pública,0
12,1,G,0,Ágata,5.0,7.5,6.0,8.000020000000001,6.875,7.1875,7.75,6.956252,Escola Pública,0
11,2,H,1,Ametista,10.0,7.5,8.5,7.4166799999999995,7.5,8.4375,8.833335,8.302085,Escola Pública,1
12,2,C,0,Ágata,5.0,3.75,7.7,9.000020000000001,7.5,8.333333333333334,7.833333333333334,6.840002,Escola Pública,0
15,4,B,1,Topázio,5.0,7.666666666666667,9.9,10.000020000000001,6.875,8.958333333333332,9.44445,8.485558666666666,Escola Pública,1
14,5,F,0,Quartzo,10.0,0.0,1.3,6.66667,4.375,7.1875,6.6666675,4.4162505,Escola Pública,1
9,1,D,0,Ametista,10.0,7.25,8.9,9.000020000000001,4.375,4.6875,7.75,7.586252,Escola Pública,3
10,2,B,0,Ametista,10.0,5.0,8.9,9.000020000000001,7.5,7.5,7.666665,7.713335,Escola Pública,0
15,3,J,0,Ágata,5.0,6.0,8.7,8.33334,4.375,8.125,8.38889,7.201112,Escola Pública,1
11,1,G,0,Ágata,5.0,6.5,6.6,8.500020000000001,5.0,5.0,6.833335,6.3366690000000006,Escola Pública,2
9,1,J,0,Topázio,10.0,9.5,9.2,10.000020000000001,7.5,7.916666666666668,7.833333333333333,8.848335333333335,Escola Pública,1
13,2,J,0,Ametista,5.0,6.5,8.3,8.500020000000001,7.5,6.458333333333334,8.277776666666666,7.361390666666666,Escola Particular,2
17,7,B,0,Quartzo,10.0,0.0,1.4,6.66667,4.375,5.15625,4.95834,3.8914599999999995,Escola Pública,1
9,1,G,0,Ametista,10.0,10.0,6.5,8.500020000000001,7.5,7.5,7.75,8.200002000000001,Escola Pública,1
11,2,J,0,Topázio,10.0,8.5,9.1,10.000020000000001,7.5,5.833333333333333,8.277776666666666,8.508890666666668,Escola Pública,1
8,0,F,0,Ametista,10.0,6.5,10.0,7.50002,7.5,7.5,6.749995,7.9000010000000005,Escola Pública,0
13,4,A,1,Topázio,10.0,8.666666666666666,10.0,9.16668,9.375,8.958333333333332,9.8889,9.461114666666667,Escola Pública,1
11,2,M,0,Ágata,10.0,0.0,7.7,7.41668,7.5,8.125,7.916665,6.4275009999999995,Escola Pública,0
9,0,B,0,Ametista,5.0,10.0,10.0,9.000020000000001,7.5,7.5,6.999995,8.300001000000002,Escola Pública,0
11,2,B,0,Ágata,10.0,2.0,9.5,9.000020000000001,7.5,7.5,7.416665,7.1833350000000005,Escola Pública,1
16,6,A,0,Quartzo,10.0,2.0,2.0,4.58334,7.5,6.40625,6.3333275,4.9156245,Escola Pública,1
11,1,B,0,Quartzo,5.0,4.5,9.1,8.000020000000001,5.0,2.5,6.416665,6.053335000000001,Escola Particular,4
16,6,A,0,Ametista,10.0,6.666666666666667,7.9,8.75001,7.5,8.59375,8.333332500000001,8.064375833333333,Escola Pública,1
14,3,M,0,Ágata,5.0,9.0,4.1,7.5,7.5,7.96875,7.20833,6.858541000000001,Escola Pública,0
17,7,B,0,Ametista,10.0,7.0,8.6,7.91667,7.5,7.96875,7.6249975,7.9835415,Escola Particular,3
10,1,F,0,Ametista,5.0,8.5,7.9,8.000020000000001,7.5,7.5,8.0,7.680002,Escola Pública,3
12,1,H,0,Ametista,5.0,10.0,9.2,9.500020000000001,7.5,7.291666666666667,7.444443333333333,8.258057333333333,Escola Pública,1
8,0,B,0,Ametista,10.0,9.5,10.0,8.500020000000001,4.375,2.5,5.166675,7.470837,Escola Pública,0
14,5,B,1,Topázio,10.0,7.0,9.9,8.33334,10.0,9.166666666666666,9.111113333333332,8.952223333333334,Escola Particular,4
17,7,A,0,Quartzo,10.0,4.333333333333333,2.1,8.33334,7.5,7.34375,6.5416625,5.9127081666666665,Escola Pública,2
14,3,C,0,Ametista,5.0,7.333333333333333,9.7,9.16668,7.5,8.749999999999998,8.444446666666668,8.137224,Escola Pública,2
14,3,C,0,Ametista,5.0,7.0,9.4,8.33334,7.5,8.541666666666666,6.888883333333333,7.595277333333334,Escola Pública,2
11,2,B,0,Ametista,10.0,8.0,9.2,9.000020000000001,5.625,5.3125,8.5,8.133752000000001,Escola Particular,4
16,3,J,1,Ametista,2.5,8.0,8.1,7.5,7.5,8.125,9.000003333333334,7.582500666666667,Escola Pública,0
16,6,A,0,Quartzo,10.0,0.0,3.8,0.0,5.0,6.71875,7.08333,4.348541,Escola Pública,1
8,0,F,0,Topázio,10.0,10.0,10.0,8.500020000000001,7.5,7.5,5.74999,8.5,Escola Pública,1
8,1,A,0,Ametista,10.0,9.5,8.0,9.000020000000001,7.5,7.1875,7.75,8.418752000000001,Escola Pública,1
9,0,D,0,Ametista,5.0,9.5,10.0,9.500020000000001,6.25,2.5,7.83334,7.79167,Escola Pública,1
10,0,C,1,Topázio,5.0,10.0,10.0,9.500020000000001,7.5,10.0,10.00001,9.200004,Escola Pública,0
12,2,G,0,Ágata,5.0,6.0,8.3,10.000020000000001,6.25,7.916666666666668,6.944439999999998,7.165556666666667,Escola Pública,1
15,4,F,0,Quartzo,5.0,0.0,3.4,9.16668,4.375,7.96875,6.624995,4.656042,Escola Pública,4
11,1,N,0,Ágata,5.0,4.0,8.1,7.50002,5.0,7.708333333333334,7.333333333333333,6.407502000000001,Escola Pública,1
10,2,F,0,Ametista,10.0,7.0,9.3,8.500020000000001,7.5,7.708333333333334,7.722219999999999,8.175279333333334,Escola Pública,1
9,1,F,0,Quartzo,10.0,0.0,4.3,9.000020000000001,5.625,8.125,7.666665,5.668335,Escola Pública,1
9,1,B,0,Ametista,10.0,7.5,9.9,9.000020000000001,4.375,5.625,7.166665,7.813335,Escola Pública,1
15,5,G,1,Ametista,10.0,6.666666666666667,9.6,9.58335,5.0,8.59375,9.125005000000002,8.396044333333334,Escola Particular,3
13,3,F,0,Ametista,10.0,6.666666666666667,9.4,9.16668,7.5,8.125,8.166666666666668,8.325834666666669,Escola Pública,4
13,3,G,1,Topázio,10.0,6.5,9.9,8.75001,7.5,8.75,9.166669999999998,8.613335,Escola Pública,1
17,7,B,0,Ametista,10.0,7.333333333333333,7.8,7.91667,5.0,5.78125,7.41667,7.379792666666667,Escola Particular,3
12,2,E,0,Ágata,5.0,6.0,8.0,9.000020000000001,5.0,7.5,6.83333,6.816668000000001,Escola Pública,3
14,3,M,0,Ágata,5.0,5.666666666666667,5.0,8.75001,5.625,8.125,6.6666625,6.216666833333334,Escola Pública,3
10,2,B,1,Topázio,10.0,9.5,9.5,9.000020000000001,7.5,9.6875,9.58334,9.335420000000001,Escola Particular,4
11,3,G,0,Ametista,10.0,6.0,6.7,9.583350000000001,4.375,8.541666666666666,8.111106666666666,7.412223000000001,Escola Particular,3
15,5,G,0,Ametista,10.0,7.0,9.7,7.91667,3.75,8.125,8.25,7.9691670000000006,Escola Particular,4
14,3,H,0,Quartzo,5.0,4.166666666666667,6.6,10.000020000000001,5.0,5.625,4.833323333333333,5.6825,Escola Pública,2
9,0,D,0,Ágata,5.0,8.5,9.8,9.500020000000001,2.5,2.5,4.16667,6.443336,Escola Pública,1
10,0,E,0,Ametista,5.0,7.5,10.0,9.500020000000001,6.875,7.8125,7.5,7.918752,Escola Pública,1
14,3,R,0,Ametista,5.0,6.0,8.6,8.75001,7.5,7.708333333333334,7.611113333333334,7.338057,Escola Pública,0
13,2,R,0,Ágata,5.0,6.0,5.6,9.000020000000001,4.375,6.875,7.222216666666665,6.289445333333333,Escola Pública,2
12,2,C,0,Ágata,5.0,5.5,8.8,8.000020000000001,7.5,6.875,7.222216666666665,7.0419453333333335,Escola Pública,2
16,5,A,1,Ametista,5.0,9.333333333333334,9.0,8.33334,7.5,8.541666666666666,9.000006666666666,8.404168666666667,Escola Pública,0
15,5,A,0,Ametista,10.0,7.666666666666667,5.3,8.33334,7.5,7.708333333333334,7.38889,7.425278666666666,Escola Pública,1
11,2,F,0,Ágata,10.0,4.25,7.5,9.000020000000001,6.875,7.083333333333334,7.833329999999999,7.212501333333334,Escola Pública,3
15,4,F,0,Quartzo,5.0,6.333333333333333,5.3,7.5,5.0,6.25,6.166665,5.934999666666666,Escola Particular,4
15,4,A,0,Ametista,5.0,8.0,9.1,7.5,7.5,8.125,6.11111,7.454722,Escola Pública,1
12,3,B,0,Ametista,10.0,6.666666666666667,9.5,9.16668,4.375,7.5,6.7499975,7.687500833333334,Escola Particular,4
12,2,P,0,Quartzo,5.0,0.0,4.6,0.0,6.875,7.708333333333334,6.777773333333332,4.233888,Escola Pública,0
10,1,C,0,Quartzo,5.0,0.0,4.3,9.000020000000001,3.75,7.291666666666667,7.5,4.864168666666667,Escola Pública,1
13,3,L,0,Ametista,10.0,6.166666666666667,9.9,9.58335,7.5,7.96875,8.458335,8.410210333333334,Escola Pública,1
13,3,L,0,Ametista,10.0,6.666666666666667,9.9,10.000020000000001,4.375,8.59375,8.5416725,8.318544833333334,Escola Particular,4
10,1,D,0,Ametista,5.0,9.5,8.8,9.000020000000001,7.5,7.1875,7.25,7.978752000000001,Escola Pública,2
13,3,L,1,Ametista,10.0,7.666666666666667,9.9,5.83333,5.0,8.59375,9.166675000000001,8.289376333333333,Escola Particular,2
8,0,C,0,Topázio,10.0,10.0,10.0,9.000020000000001,10.0,7.5,8.333335,9.316669000000001,Escola Pública,0
14,2,P,0,Quartzo,5.0,0.0,8.0,6.9166799999999995,7.5,8.541666666666666,6.888886666666666,5.773612,Escola Pública,1
13,2,G,0,Ametista,5.0,7.0,9.7,9.000020000000001,6.25,7.708333333333334,8.22222,7.780279333333334,Escola Pública,2
15,3,A,0,Ágata,5.0,7.666666666666667,5.9,9.58335,7.5,7.65625,7.2500025,7.137293833333334,Escola Pública,2
12,1,G,0,Ametista,5.0,9.0,8.8,9.000020000000001,7.5,7.1875,7.416665,7.912085,Escola Pública,3
13,3,H,0,Ágata,10.0,7.333333333333333,6.2,8.75001,7.5,6.666666666666667,5.666656666666667,7.131665666666668,Escola Pública,1
10,1,K,0,Ágata,5.0,5.0,6.5,8.000020000000001,7.5,7.291666666666667,7.833333333333333,6.645835333333333,Escola Pública,0
9,0,F,0,Ágata,5.0,8.5,9.8,9.500020000000001,6.875,2.5,3.8333499999999994,6.814172000000001,Escola Pública,0
16,4,B,0,Ametista,5.0,5.333333333333333,8.8,7.50001,7.5,8.749999999999998,8.055560000000002,7.312779666666668,Escola Pública,0
9,1,C,0,Ametista,10.0,5.5,8.5,10.000020000000001,7.5,7.916666666666668,7.333333333333333,7.808335333333335,Escola Pública,2
15,4,L,0,Quartzo,5.0,0.0,3.6,9.58335,7.5,7.916666666666668,6.055549999999999,4.931111666666667,Escola Pública,2
11,2,J,0,Ametista,10.0,8.5,7.4,9.500020000000001,6.25,5.0,6.72222,7.599446,Escola Pública,1
9,0,F,0,Ametista,5.0,9.5,10.0,8.500020000000001,7.5,7.5,7.33333,8.216668,Escola Pública,0
12,2,P,0,Ametista,5.0,6.0,9.7,8.500020000000001,7.5,8.749999999999998,7.777780000000001,7.670558000000001,Escola Pública,1
11,1,M,0,Ágata,5.0,4.75,6.3,9.000020000000001,7.5,7.1875,7.916665,6.662085000000001,Escola Pública,0
10,0,G,0,Ágata,5.0,9.5,10.0,8.500020000000001,5.0,2.5,4.99999,7.0,Escola Pública,1
11,2,R,0,Ametista,10.0,1.5,8.9,9.500020000000001,9.375,8.541666666666666,8.444443333333332,7.510557333333334,Escola Pública,1
9,1,N,0,Topázio,10.0,10.0,9.2,9.500020000000001,7.5,7.5,7.277776666666666,8.745557333333332,Escola Pública,1
15,4,E,0,Ágata,5.0,6.666666666666667,6.4,7.91667,7.5,8.4375,7.2916675,6.957083833333334,Escola Pública,1
9,1,E,0,Ametista,10.0,4.5,8.0,9.000020000000001,6.25,7.083333333333333,7.944443333333333,7.322224,Escola Pública,2
10,1,G,0,Quartzo,5.0,0.0,6.1,8.500020000000001,7.5,8.125,7.75,5.682502,Escola Pública,1
9,2,F,1,Topázio,10.0,7.0,9.3,9.500020000000001,7.5,7.708333333333334,9.277783333333334,8.586392000000002,Escola Pública,1
7,1,J,0,Quartzo,10.0,0.0,7.1,8.000020000000001,5.625,5.625,7.833333333333333,5.9116686666666665,Escola Pública,0
10,1,C,0,Quartzo,5.0,0.0,6.2,8.500020000000001,7.5,7.291666666666667,7.333333333333333,5.535835333333334,Escola Pública,0
17,5,L,0,Quartzo,5.0,3.6666666666666665,6.9,6.66666,3.125,8.125,7.666666666666667,5.938332666666667,Escola Pública,1
15,5,G,1,Ametista,10.0,6.333333333333333,9.0,9.58335,4.375,8.59375,8.958337499999999,8.113544166666667,Escola Pública,4
16,5,B,0,Ágata,5.0,6.0,8.2,7.91667,7.5,8.333333333333334,7.666670000000001,7.248334333333334,Escola Pública,0
12,3,L,0,Ametista,10.0,8.0,9.7,8.75001,5.0,8.59375,7.583335,8.291043,Escola Particular,3
14,4,B,0,Ágata,10.0,0.0,8.4,9.58335,7.5,8.749999999999998,7.888893333333335,6.841113666666667,Escola Pública,0
17,6,A,0,Quartzo,5.0,5.166666666666667,6.5,0.0,6.25,7.65625,7.791665,5.782291333333333,Escola Pública,3
13,2,M,0,Ágata,5.0,3.75,7.5,9.500020000000001,6.875,7.1875,7.58333,6.622917999999999,Escola Pública,1
10,1,N,0,Ametista,5.0,9.0,7.5,9.500020000000001,5.0,6.875,7.444443333333333,7.426390666666667,Escola Pública,2
12,3,A,0,Ametista,10.0,8.0,9.1,8.75001,6.875,7.8125,7.91667,8.347085000000002,Escola Particular,4
10,1,K,0,Ametista,5.0,9.5,8.9,9.000020000000001,7.5,7.708333333333334,8.11111,8.223057333333335,Escola Pública,0
10,1,E,0,Ametista,5.0,10.0,7.7,9.500020000000001,6.875,6.875,7.222216666666665,7.809445333333334,Escola Pública,2
10,1,H,0,Ametista,5.0,9.5,8.3,9.500020000000001,7.5,7.291666666666667,7.72222,8.033612666666667,Escola Pública,1
17,7,B,0,Ametista,10.0,7.166666666666667,9.1,8.33334,6.25,7.8125,8.041665,8.101250333333333,Escola Pública,1
12,2,L,0,Quartzo,5.0,2.75,5.9,9.000020000000001,5.0,7.5,7.055553333333332,5.791112666666667,Escola Pública,1
14,2,G,0,Ágata,5.0,2.0,9.3,9.500020000000001,7.5,7.291666666666667,6.944439999999998,6.578056666666668,Escola Pública,0
12,2,E,0,Ametista,5.0,8.0,9.6,10.000020000000001,7.5,9.166666666666666,8.277776666666668,8.342224,Escola Pública,4
11,2,E,0,Ametista,10.0,8.0,9.6,9.500020000000001,5.0,7.708333333333334,8.16667,8.374169333333333,Escola Particular,2
12,2,B,0,Quartzo,5.0,0.5,9.0,9.000020000000001,5.0,5.625,7.5,5.862502000000001,Escola Pública,1
8,0,G,0,Topázio,10.0,10.0,10.0,9.500020000000001,7.5,7.8125,6.49999,8.78125,Escola Pública,1
13,3,R,0,Ágata,10.0,5.666666666666667,4.2,10.000020000000001,6.875,7.291666666666667,5.611103333333335,6.512222666666668,Escola Pública,1
14,3,B,0,Ametista,5.0,8.666666666666666,8.5,9.58335,6.875,7.65625,8.29167,8.003127333333333,Escola Particular,4
10,1,F,0,Ágata,5.0,10.0,2.3,8.500020000000001,7.5,7.1875,6.91666,6.662084,Escola Pública,1
17,7,A,0,Ametista,10.0,5.833333333333333,8.1,6.66666,7.5,7.65625,8.166665,7.602290666666668,Escola Pública,2
11,3,B,0,Topázio,10.0,7.666666666666667,9.5,10.000020000000001,7.5,7.96875,8.5416725,8.688544833333335,Escola Particular,2
11,1,B,0,Ametista,5.0,9.0,8.7,9.500020000000001,10.0,7.1875,8.0,8.308752,Escola Particular,3
16,6,A,0,Ametista,10.0,4.833333333333333,8.5,9.16668,7.5,7.96875,8.208335,7.771876666666667,Escola Pública,1
13,4,L,0,Ametista,10.0,6.666666666666667,8.5,8.75001,7.5,8.541666666666666,8.333333333333334,8.179167666666668,Escola Pública,2
8,0,B,0,Ágata,10.0,5.75,10.0,9.000020000000001,7.5,2.5,5.916675,7.233337000000001,Escola Pública,0
7,0,A,0,Topázio,10.0,10.0,10.0,8.500020000000001,7.5,7.5,7.166665,8.783335000000001,Escola Pública,0
13,3,E,0,Ametista,10.0,7.666666666666667,8.8,9.58335,5.0,8.125,7.222219999999999,8.008612333333332,Escola Pública,4
17,7,A,1,Ametista,10.0,6.333333333333333,9.5,7.91667,7.5,7.65625,8.7083375,8.215626166666667,Escola Pública,2
14,3,C,1,Ametista,5.0,8.333333333333334,10.0,8.75001,4.375,9.791666666666666,9.222226666666666,8.302779666666668,Escola Pública,1
9,1,G,0,Topázio,10.0,10.0,9.4,7.4166799999999995,7.5,8.125,7.75,8.734168,Escola Pública,0
14,5,G,0,Ametista,10.0,6.333333333333333,9.1,6.66666,6.875,7.96875,6.41666,7.521039666666667,Escola Pública,1
15,5,B,0,Ágata,10.0,6.333333333333333,3.1,9.16668,7.5,8.333333333333334,7.833336666666668,6.953335333333333,Escola Pública,0
16,6,A,0,Ametista,10.0,7.333333333333333,9.2,8.75001,7.5,7.96875,7.9583325,8.320209166666666,Escola Particular,1
10,2,N,1,Ametista,10.0,6.0,9.6,7.4166799999999995,6.25,8.75,9.05556,8.17278,Escola Pública,2
10,1,E,0,Topázio,5.0,10.0,8.5,8.500020000000001,10.0,8.75,8.611113333333334,8.647224666666666,Escola Pública,2
11,1,A,0,Ametista,5.0,6.5,9.3,8.500020000000001,7.5,7.1875,7.583335,7.495419,Escola Pública,2
9,0,F,0,Ametista,5.0,9.5,10.0,9.000020000000001,7.5,8.125,7.5,8.362502000000001,Escola Pública,0
16,5,F,1,Ametista,5.0,6.666666666666667,8.5,9.16668,6.875,8.90625,9.375007500000002,7.903127833333334,Escola Particular,3
10,1,M,0,Quartzo,5.0,0.0,3.3,9.000020000000001,7.5,7.1875,7.58333,5.045418000000001,Escola Pública,0
16,4,A,1,Ametista,5.0,5.0,9.8,8.33334,7.5,7.916666666666668,8.72223,7.579446666666667,Escola Pública,1
13,2,C,0,Quartzo,5.0,0.0,6.7,9.500020000000001,6.875,7.916666666666668,6.833326666666666,5.635834000000001,Escola Pública,1
11,0,H,0,Ametista,5.0,10.0,10.0,9.000020000000001,6.25,7.8125,7.5,8.306252,Escola Pública,1
14,1,M,0,Ágata,2.5,7.5,8.5,9.000020000000001,5.625,5.625,7.416665,6.958335,Escola Pública,1
12,1,G,0,Ametista,5.0,7.0,8.1,8.500020000000001,7.5,8.125,7.75,7.482502,Escola Pública,2
13,3,F,1,Topázio,10.0,9.666666666666666,9.9,9.16668,6.875,7.916666666666667,8.944446666666666,9.098057333333333,Escola Pública,1
12,2,R,0,Ágata,5.0,5.5,7.6,9.500020000000001,3.75,7.5,7.555549999999998,6.706112,Escola Pública,1
10,1,J,0,Ágata,5.0,5.0,6.9,8.500020000000001,7.5,7.291666666666667,7.666666666666666,6.742502000000001,Escola Pública,0
18,5,L,0,Quartzo,2.5,4.666666666666667,5.4,8.33335,3.125,5.416666666666667,4.888896666666667,4.928614333333334,Escola Pública,2
14,4,L,0,Ágata,10.0,6.0,6.6,8.33334,5.0,8.333333333333332,7.944450000000002,7.275557333333333,Escola Pública,2
13,3,M,0,Quartzo,10.0,0.0,1.7,7.50001,4.375,7.96875,6.2916625,4.5827085,Escola Pública,3
12,2,P,0,Quartzo,5.0,3.0,8.7,0.0,6.875,7.916666666666668,7.055553333333332,5.7302773333333334,Escola Pública,1
10,1,J,0,Ametista,5.0,7.5,9.5,8.500020000000001,7.5,7.5,7.833333333333333,7.816668666666667,Escola Pública,1
12,2,M,0,Ametista,5.0,7.5,8.5,9.500020000000001,6.25,8.4375,7.916665,7.702085,Escola Pública,2
12,2,H,0,Quartzo,5.0,4.0,4.3,8.500020000000001,7.5,6.5625,7.249995,5.866251,Escola Pública,1
10,1,N,0,Ágata,5.0,7.5,5.3,8.91668,7.5,6.875,7.333333333333333,6.8558346666666665,Escola Pública,1
13,3,F,0,Quartzo,10.0,1.1666666666666667,5.5,7.5,7.5,8.125,6.833326666666666,6.0124986666666675,Escola Pública,1
9,2,L,0,Ametista,10.0,6.25,9.7,8.000020000000001,7.5,9.166666666666666,8.500003333333334,8.356669333333334,Escola Pública,1
13,3,A,0,Ametista,10.0,9.0,4.0,9.58335,5.0,7.96875,7.1666675,7.288543499999999,Escola Pública,1
15,3,F,0,Ametista,5.0,7.333333333333333,9.7,8.33334,7.5,8.125,7.111103333333333,7.724721333333334,Escola Pública,3
8,0,B,1,Topázio,10.0,10.0,10.0,9.500020000000001,7.5,7.5,8.91667,9.233336,Escola Pública,0
11,1,R,0,Ametista,5.0,10.0,6.3,9.000020000000001,7.5,7.5,7.61111,7.682224000000001,Escola Pública,1
16,5,G,0,Ametista,5.0,7.666666666666667,8.4,9.58335,6.875,8.125,7.33333,7.638334333333334,Escola Pública,1
10,1,K,0,Quartzo,5.0,0.0,5.0,7.50002,7.5,7.291666666666667,7.833333333333333,5.295835333333334,Escola Pública,1
10,2,H,1,Ametista,10.0,6.5,8.5,9.000020000000001,6.25,5.0,9.083335,7.841669,Escola Pública,3
16,4,B,0,Quartzo,5.0,0.0,1.9,8.75001,7.5,7.916666666666668,7.222223333333334,4.741112333333334,Escola Pública,2
14,4,E,0,Ametista,10.0,7.666666666666667,6.2,7.08334,6.875,7.96875,7.2916675,7.424375833333333,Escola Pública,1
15,1,E,0,Ágata,2.5,6.0,8.0,9.000020000000001,4.375,5.208333333333333,8.055553333333332,6.519446,Escola Pública,2
10,1,K,0,Ametista,5.0,10.0,8.1,8.500020000000001,7.5,7.291666666666667,7.666666666666666,7.982502,Escola Pública,0
8,0,E,0,Topázio,10.0,7.5,10.0,10.000020000000001,7.5,7.8125,8.16667,8.664586,Escola Pública,1
11,1,J,0,Ametista,5.0,8.0,8.3,8.41668,7.5,5.416666666666666,7.5,7.393334666666667,Escola Pública,1
11,1,K,0,Ametista,5.0,9.0,8.8,9.000020000000001,6.875,7.291666666666667,7.944443333333333,7.965557333333334,Escola Pública,0
17,7,B,0,Quartzo,10.0,5.5,3.7,6.24999,5.625,5.78125,6.1666675,5.838957500000001,Escola Pública,1
16,4,E,0,Quartzo,5.0,1.6666666666666667,7.0,9.58335,7.5,7.1875,6.8333325,6.027084833333334,Escola Pública,1
16,6,B,0,Quartzo,10.0,2.6666666666666665,5.1,0.0,6.875,7.34375,6.5416625,5.283540833333333,Escola Pública,1
11,0,D,0,Ágata,5.0,8.0,9.4,3.4999800000000003,4.375,7.8125,3.2500099999999996,6.1987499999999995,Escola Pública,1
13,1,R,0,Quartzo,5.0,3.0,8.1,6.33335,5.0,6.041666666666667,8.05555,6.068611666666667,Escola Pública,2
17,7,B,0,Ametista,10.0,7.333333333333333,9.7,8.75001,7.5,7.96875,8.208337499999999,8.470210166666668,Escola Particular,2
13,2,E,0,Ametista,5.0,8.0,7.1,9.000020000000001,7.5,7.5,7.111106666666665,7.342223333333333,Escola Pública,3
17,5,F,0,Ametista,5.0,6.666666666666667,9.6,9.16668,6.25,7.03125,7.7916625,7.556458833333334,Escola Pública,2
14,4,A,0,Ametista,10.0,7.0,6.3,7.91667,6.875,8.749999999999998,7.833336666666668,7.580834333333334,Escola Pública,3
17,7,A,0,Ametista,10.0,5.666666666666667,8.5,9.16668,5.625,7.03125,7.20833,7.457292333333335,Escola Particular,4
11,1,J,0,Ágata,5.0,4.0,8.4,9.500020000000001,5.0,5.416666666666666,7.944443333333333,6.560557333333334,Escola Pública,2
16,6,B,0,Quartzo,10.0,5.333333333333333,3.0,0.0,6.875,7.5,6.9999975,5.504166166666667,Escola Pública,2
8,0,B,1,Topázio,10.0,10.0,10.0,9.000020000000001,7.5,10.0,9.833345,9.616671,Escola Pública,1
18,7,B,0,Ametista,5.0,6.0,8.7,10.000020000000001,7.5,8.75,8.41667,7.748336,Escola Pública,1
16,2,G,0,Quartzo,2.5,0.0,4.0,9.500020000000001,4.375,6.666666666666666,7.055549999999999,4.515278666666667,Escola Pública,3
10,2,N,0,Ametista,10.0,4.5,9.7,9.000020000000001,7.5,7.291666666666667,7.61111,7.741390666666668,Escola Pública,1
12,3,H,0,Ágata,10.0,5.333333333333333,4.2,10.000020000000001,7.5,7.083333333333334,5.611103333333335,6.487222666666668,Escola Pública,2
15,3,H,0,Quartzo,5.0,6.666666666666667,3.4,7.5,2.5,6.249999999999999,5.444433333333334,5.227220000000001,Escola Pública,1
12,1,F,0,Quartzo,5.0,0.0,7.3,8.500020000000001,6.25,7.5,8.0,5.785002,Escola Pública,1
13,3,M,0,Ágata,10.0,5.666666666666667,6.0,7.91667,7.5,7.65625,7.0416675,7.048958833333334,Escola Pública,3
12,2,R,0,Ágata,5.0,3.5,8.5,9.500020000000001,3.125,6.041666666666667,7.555549999999998,6.277778666666666,Escola Pública,2
12,1,D,0,Ágata,5.0,7.5,7.1,6.9166799999999995,4.375,2.8125,6.58333,6.1470839999999995,Escola Particular,2
15,5,G,0,Quartzo,10.0,4.333333333333333,6.7,6.25001,4.375,7.1875,5.083325,6.004582666666666,Escola Pública,3
16,5,A,0,Quartzo,5.0,6.0,3.7,7.08334,7.5,6.875,5.611113333333333,5.708056666666667,Escola Pública,1
13,1,G,0,Ágata,5.0,8.5,9.2,9.000020000000001,5.0,2.5,6.08333,6.906668,Escola Pública,1
11,2,F,0,Quartzo,10.0,1.5,5.7,7.91668,7.5,7.083333333333333,6.888883333333332,6.067778,Escola Pública,1
18,7,B,0,Ágata,5.0,4.666666666666667,8.0,8.33334,7.5,8.59375,8.41667,7.159376333333334,Escola Pública,1
9,1,N,0,Ametista,10.0,10.0,6.7,7.50002,7.5,7.083333333333334,7.277776666666666,8.003890666666667,Escola Pública,1
10,1,B,1,Topázio,5.0,10.0,8.6,9.500020000000001,8.75,7.8125,9.000005,8.626253,Escola Pública,2
8,0,A,0,Topázio,10.0,9.5,10.0,9.000020000000001,7.5,7.5,6.500005,8.600003000000001,Escola Pública,0
11,2,D,0,Ametista,10.0,8.5,8.4,8.000020000000001,7.5,5.3125,6.75,7.811252000000001,Escola Pública,1
11,1,R,0,Ágata,5.0,7.5,8.2,8.500020000000001,5.0,6.666666666666667,7.722219999999999,7.201112666666667,Escola Pública,2
12,3,H,0,Ágata,10.0,5.0,6.2,7.9166799999999995,7.5,6.875000000000001,5.499993333333334,6.569166666666667,Escola Pública,1
8,1,R,0,Ametista,10.0,9.0,9.4,8.500020000000001,7.5,6.458333333333334,7.722219999999999,8.470279333333334,Escola Pública,0
11,2,P,0,Topázio,10.0,8.5,9.6,9.000020000000001,7.5,8.958333333333332,8.055560000000002,8.776947333333334,Escola Pública,1
11,3,B,0,Quartzo,10.0,0.0,5.7,7.91667,7.5,7.34375,7.0833325,5.8327085,Escola Pública,1
17,7,B,0,Ametista,10.0,7.0,9.1,9.16668,7.5,7.5,8.125,8.261668,Escola Particular,3
10,1,D,0,Ametista,5.0,9.0,8.5,9.000020000000001,6.25,4.6875,6.916665,7.377085000000001,Escola Pública,2
15,4,A,1,Topázio,5.0,9.333333333333334,10.0,9.583350000000001,10.0,9.166666666666666,9.8889,9.219448333333334,Escola Particular,1
17,7,A,0,Quartzo,10.0,0.0,0.4,5.8333200000000005,7.5,4.84375,4.66667,3.831041,Escola Pública,2
10,1,K,0,Ametista,5.0,9.0,7.1,9.000020000000001,7.5,7.916666666666668,7.833333333333333,7.728335333333334,Escola Pública,0
16,5,A,1,Ametista,5.0,8.0,7.5,8.75001,9.375,9.166666666666666,9.33334,8.195835666666667,Escola Pública,0
10,1,E,0,Ametista,5.0,10.0,6.0,8.500020000000001,7.5,7.5,7.555549999999998,7.561112,Escola Pública,2
9,1,M,0,Ametista,10.0,4.5,9.6,9.000020000000001,6.25,7.8125,7.916665,7.709585000000001,Escola Pública,2
16,5,A,0,Quartzo,5.0,0.0,1.9,4.58334,3.75,8.125,7.000003333333334,3.925834666666667,Escola Pública,2
10,1,A,0,Ametista,5.0,9.0,9.1,9.500020000000001,6.25,3.4375,8.58334,7.75542,Escola Pública,1
10,2,F,0,Quartzo,10.0,0.0,4.5,0.0,7.5,7.5,6.6111,4.72222,Escola Pública,1
17,7,B,0,Ágata,10.0,6.5,7.6,7.5,5.625,6.71875,6.375,7.079375000000001,Escola Pública,1
13,2,H,0,Quartzo,5.0,1.25,7.9,8.000020000000001,5.0,4.6875,7.75,5.648752,Escola Pública,2
10,1,A,0,Ametista,5.0,9.0,9.6,9.000020000000001,7.5,7.1875,7.75,8.138752,Escola Pública,0
10,0,G,0,Ametista,5.0,10.0,9.8,6.9166799999999995,5.0,2.5,6.99999,7.301666,Escola Pública,1
12,1,R,0,Ametista,5.0,9.5,8.1,10.000020000000001,7.5,5.416666666666666,7.777773333333332,7.867223333333334,Escola Pública,2
8,0,F,0,Ametista,10.0,9.5,9.9,8.500020000000001,7.5,2.5,5.0,7.730002000000001,Escola Pública,1
11,0,D,0,Ametista,5.0,9.0,8.6,10.000020000000001,5.0,7.8125,7.333335,7.767919,Escola Pública,2
17,7,B,0,Ágata,10.0,4.666666666666667,7.6,6.25001,5.625,7.03125,7.75,6.893959333333333,Escola Pública,2
11,2,B,1,Ametista,10.0,5.5,9.3,9.000020000000001,5.0,5.0,9.58334,7.776669999999999,Escola Particular,3
11,1,C,0,Ametista,5.0,9.0,9.2,7.00002,6.25,7.291666666666667,7.5,7.694168666666667,Escola Pública,1
8,0,H,0,Ametista,10.0,10.0,10.0,8.500020000000001,7.5,2.5,6.99999,8.25,Escola Pública,0
8,0,C,0,Topázio,10.0,9.0,10.0,9.000020000000001,7.5,7.8125,6.99999,8.631250000000001,Escola Pública,0
12,2,G,1,Ametista,5.0,6.5,9.6,7.50002,7.5,7.916666666666668,8.833336666666666,7.778336,Escola Pública,1
16,5,B,0,Ágata,5.0,5.333333333333333,8.8,7.08333,5.625,8.333333333333334,7.888893333333335,7.008611666666667,Escola Pública,0
12,2,P,0,Ágata,5.0,6.5,4.7,9.000020000000001,7.5,7.916666666666668,8.055560000000002,6.792780666666667,Escola Pública,1
11,2,F,0,Ágata,10.0,4.5,6.9,9.000020000000001,7.5,7.916666666666668,6.222213333333333,6.966111333333335,Escola Pública,1
9,1,E,0,Topázio,10.0,10.0,9.5,8.500020000000001,7.5,7.291666666666667,7.944443333333333,8.818057333333334,Escola Pública,1
13,2,D,0,Ametista,5.0,9.5,9.9,8.500020000000001,7.5,8.4375,7.583335,8.340419,Escola Pública,1
11,2,D,0,Ametista,10.0,3.5,9.7,9.000020000000001,7.5,7.5,7.75,7.590002,Escola Pública,2
14,2,C,0,Ametista,5.0,8.0,8.7,9.000020000000001,7.5,7.708333333333334,7.666663333333333,7.794168000000001,Escola Pública,1
10,1,H,0,Ametista,5.0,10.0,8.1,8.500020000000001,7.5,7.291666666666667,7.777776666666667,8.004724,Escola Pública,1
10,2,B,0,Ametista,10.0,9.0,8.2,9.500020000000001,6.25,7.5,8.333335,8.431669,Escola Particular,2
11,1,B,0,Ametista,5.0,7.5,8.6,8.500020000000001,7.5,7.1875,7.75,7.588752,Escola Pública,0
11,2,J,0,Quartzo,10.0,1.5,6.8,5.83334,7.5,5.624999999999999,7.555553333333333,6.066944666666666,Escola Pública,1
16,7,A,0,Quartzo,10.0,4.5,2.7,7.5,4.375,6.5625,6.333325,5.550414999999999,Escola Pública,2
9,2,G,0,Ametista,10.0,3.5,9.9,9.000020000000001,7.5,8.125,7.833333333333333,7.709168666666667,Escola Pública,1
14,2,N,0,Quartzo,5.0,0.0,7.4,9.000020000000001,4.375,7.291666666666667,7.5,5.546668666666667,Escola Pública,1
10,2,F,0,Quartzo,10.0,1.5,5.4,8.000020000000001,4.375,7.708333333333334,6.49999,5.688333333333334,Escola Pública,3
17,5,L,0,Ágata,5.0,4.0,7.3,6.24999,6.25,7.708333333333334,7.72222,6.325276333333333,Escola Pública,1
12,1,G,0,Quartzo,5.0,4.0,7.3,7.50002,5.0,2.5,7.0,5.660002,Escola Pública,1
11,2,R,0,Ametista,10.0,6.0,9.4,6.9166799999999995,7.5,7.291666666666667,8.055553333333332,7.861945333333334,Escola Pública,1
11,2,M,0,Ágata,10.0,7.0,3.3,9.000020000000001,5.0,6.875,7.916665,6.730835000000001,Escola Pública,2
17,5,L,0,Ágata,5.0,4.333333333333333,7.8,9.16668,3.125,7.708333333333334,7.555553333333333,6.437778666666668,Escola Pública,1
14,4,L,0,Ametista,10.0,7.666666666666667,7.0,7.91667,7.5,8.541666666666666,7.611113333333334,7.851389666666667,Escola Pública,2
11,2,M,0,Ágata,10.0,2.5,7.9,8.500020000000001,8.125,7.1875,7.916665,7.044585,Escola Pública,2
11,2,N,0,Ametista,10.0,6.5,9.6,8.500020000000001,7.5,7.5,7.5,8.070001999999999,Escola Pública,1
12,2,R,0,Ametista,5.0,6.0,9.0,7.50002,6.875,8.541666666666668,8.333336666666668,7.458336000000001,Escola Pública,2
13,3,A,1,Topázio,10.0,8.333333333333334,7.3,10.000020000000001,10.0,8.4375,8.666675,8.703753666666667,Escola Particular,4
10,0,D,0,Ametista,5.0,10.0,9.4,8.000020000000001,8.125,7.8125,5.83333,7.940418,Escola Pública,0
8,0,H,0,Ametista,10.0,10.0,9.8,9.000020000000001,5.0,2.5,6.916655,7.993333000000001,Escola Particular,0
17,6,C,0,Quartzo,5.0,2.6666666666666665,4.6,5.41667,5.0,6.71875,7.0416675,5.075208833333333,Escola Pública,1
15,4,L,0,Quartzo,5.0,2.0,5.7,8.75001,7.5,8.125,7.38889,5.955279,Escola Pública,1
10,2,F,1,Topázio,10.0,9.0,9.1,9.000020000000001,7.5,8.541666666666666,8.833336666666666,8.890836,Escola Particular,2
13,3,B,0,Ametista,10.0,8.0,9.1,7.91667,5.625,7.96875,7.91667,8.154376000000001,Escola Pública,1
14,4,L,0,Ágata,10.0,5.333333333333333,3.7,9.58335,7.5,8.541666666666666,5.666659999999999,6.502500333333334,Escola Pública,2
16,4,B,0,Quartzo,5.0,0.0,6.4,9.58335,6.875,8.125,6.555553333333332,5.549445666666667,Escola Pública,0
12,3,E,0,Ágata,10.0,2.3333333333333335,6.6,7.91667,7.5,8.125,6.722216666666666,6.485277,Escola Pública,1
13,3,L,0,Ametista,10.0,8.0,7.5,7.91667,5.0,8.4375,7.5,7.735417,Escola Pública,3
14,2,B,0,Ametista,5.0,9.0,8.9,9.000020000000001,7.5,4.375,6.33333,7.4341680000000006,Escola Pública,1
13,3,A,0,Ágata,10.0,4.666666666666667,4.3,5.41666,7.5,7.96875,6.791665,6.240207333333333,Escola Pública,3
11,2,L,0,Ametista,10.0,4.25,7.5,9.000020000000001,7.5,7.916666666666666,8.222226666666666,7.436114000000001,Escola Pública,0
7,0,G,0,Topázio,10.0,10.0,9.8,9.000020000000001,7.5,7.8125,6.24999,8.641250000000001,Escola Pública,0
15,4,B,0,Ágata,5.0,3.6666666666666665,7.4,8.75001,7.5,8.749999999999998,8.055560000000002,6.824446333333334,Escola Pública,0
13,3,L,0,Ágata,10.0,7.0,5.0,9.16668,7.5,7.96875,6.16666,7.096875,Escola Pública,2
14,3,G,1,Ametista,5.0,7.666666666666667,9.9,7.9166799999999995,4.375,7.291666666666667,8.77778,7.7272240000000005,Escola Particular,3
12,2,E,1,Ametista,5.0,9.5,5.6,9.000020000000001,7.5,8.958333333333334,8.944446666666664,7.854724666666667,Escola Pública,4
14,3,R,0,Quartzo,5.0,1.6666666666666667,5.2,9.16668,7.5,7.291666666666667,6.611106666666666,5.591389333333334,Escola Pública,0
13,1,D,0,Ágata,5.0,7.25,7.8,8.000020000000001,5.0,7.1875,7.416665,7.012085000000001,Escola Pública,1
16,6,C,0,Ágata,10.0,4.0,3.9,8.75001,7.5,7.5,7.624995,6.48,Escola Pública,3
12,3,M,0,Ametista,10.0,8.333333333333334,8.2,9.16668,7.5,7.96875,6.6666625,8.103542166666667,Escola Pública,0
14,5,B,1,Ametista,10.0,5.666666666666667,8.7,8.75001,9.375,9.166666666666666,9.166673333333334,8.435835666666668,Escola Particular,3
11,1,M,0,Ágata,5.0,4.5,8.0,8.500020000000001,7.5,8.125,7.916665,6.995835000000001,Escola Pública,0
11,2,B,0,Topázio,10.0,9.0,9.5,10.000020000000001,7.5,8.125,7.75,8.812502,Escola Pública,1
16,5,F,0,Quartzo,5.0,3.0,1.9,7.5,7.5,7.1875,6.83333,5.065416,Escola Pública,2
15,4,L,0,Quartzo,5.0,0.0,2.8,9.58335,7.5,7.916666666666668,5.611103333333333,4.682222333333334,Escola Pública,2
13,3,C,1,Topázio,10.0,8.666666666666666,8.9,10.000020000000001,7.5,9.791666666666666,9.777786666666666,9.198059333333333,Escola Pública,1
11,1,G,0,Ametista,5.0,10.0,8.5,9.000020000000001,4.375,8.125,7.166665,7.783335,Escola Pública,3
9,0,E,0,Ametista,5.0,10.0,10.0,6.83334,7.5,7.1875,7.333325,8.118749000000001,Escola Pública,0
11,2,L,1,Ametista,10.0,6.5,9.6,9.000020000000001,6.25,7.916666666666668,8.722226666666666,8.281114,Escola Particular,3
12,2,D,0,Ametista,5.0,7.0,9.7,10.000020000000001,7.5,7.8125,8.0,7.971252,Escola Pública,1
13,3,B,0,Topázio,10.0,8.333333333333334,9.8,9.16668,7.5,7.96875,7.6250025,8.615210166666667,Escola Pública,2
12,1,R,0,Ágata,5.0,6.5,6.8,9.500020000000001,4.375,6.875,8.111106666666666,6.857223333333333,Escola Pública,1
7,0,G,0,Ágata,10.0,7.0,10.0,9.000020000000001,5.625,2.5,4.333349999999999,6.979172000000001,Escola Pública,0
8,0,E,0,Ametista,10.0,9.0,10.0,8.500020000000001,6.25,2.5,7.833335,8.091669,Escola Pública,1
11,2,B,0,Ametista,10.0,9.0,7.4,8.000020000000001,7.5,7.5,8.083335,8.196669,Escola Particular,2
9,1,F,0,Ametista,10.0,10.0,7.6,8.000020000000001,7.5,7.1875,8.0,8.388752,Escola Pública,2
11,1,E,0,Ágata,5.0,3.75,9.4,7.91668,5.625,7.916666666666668,7.944443333333333,6.864723333333334,Escola Pública,1
10,2,B,0,Ametista,10.0,7.0,9.5,10.000020000000001,7.5,6.25,8.333335,8.341669000000001,Escola Pública,1
14,4,B,1,Ametista,10.0,9.0,8.3,7.08333,5.0,8.749999999999998,8.944453333333334,8.332223666666668,Escola Particular,3
12,1,R,0,Ágata,5.0,9.0,6.5,8.500020000000001,5.0,7.291666666666668,7.222216666666665,7.1236120000000005,Escola Pública,1
10,1,N,0,Ametista,5.0,9.5,9.4,9.000020000000001,8.125,7.916666666666668,8.333333333333334,8.450835333333334,Escola Particular,2
10,1,N,0,Ametista,5.0,9.5,8.0,9.500020000000001,6.25,6.875,7.444443333333333,7.751390666666667,Escola Pública,1
13,3,A,0,Quartzo,10.0,4.666666666666667,4.5,7.5,3.75,6.71875,5.4999925,5.730206833333334,Escola Particular,2
11,2,L,0,Ágata,10.0,3.5,6.1,8.000020000000001,7.5,6.666666666666667,6.222216666666667,6.381112000000001,Escola Pública,0
15,4,L,1,Ametista,5.0,7.0,8.2,7.91667,5.625,8.541666666666666,8.777786666666666,7.503891,Escola Particular,4
12,3,F,0,Ágata,10.0,0.0,8.2,9.58335,7.5,7.708333333333334,6.944439999999998,6.508056333333332,Escola Pública,3
13,4,B,1,Topázio,10.0,7.0,10.0,9.58335,10.0,8.958333333333332,9.222233333333334,9.098615,Escola Particular,3
11,0,H,0,Ametista,5.0,8.5,10.0,9.000020000000001,7.5,6.5625,6.916655,7.889583000000001,Escola Pública,1
11,2,M,0,Quartzo,10.0,0.0,7.9,0.0,3.125,6.5625,7.416665,5.032083,Escola Pública,4
16,6,A,0,Quartzo,10.0,0.0,3.4,0.0,5.0,6.40625,6.124995,4.045624,Escola Pública,1
15,5,B,0,Ametista,10.0,7.333333333333333,8.4,8.33334,5.0,8.333333333333334,8.000003333333334,7.9133346666666675,Escola Particular,4
8,0,E,0,Ametista,10.0,10.0,10.0,9.000020000000001,4.375,2.5,4.499995,7.487501000000001,Escola Pública,1
14,4,L,0,Quartzo,10.0,0.0,3.9,9.58335,4.375,5.833333333333333,4.2222133333333325,4.603611,Escola Pública,4
17,7,B,0,Ágata,10.0,6.166666666666667,6.4,7.08333,5.625,6.875,7.5833325,6.988332833333334,Escola Pública,1
12,2,M,0,Ametista,5.0,7.0,8.3,9.500020000000001,6.875,7.1875,7.58333,7.432918,Escola Pública,1
10,1,J,0,Ametista,5.0,9.0,8.6,7.9166799999999995,7.5,7.291666666666667,7.833333333333333,7.8575013333333334,Escola Pública,0
12,3,B,0,Ametista,10.0,6.666666666666667,9.7,9.16668,7.5,7.96875,7.25,8.186876333333334,Escola Particular,4
9,0,H,0,Ametista,5.0,9.0,10.0,9.500020000000001,7.5,2.5,6.99999,7.6499999999999995,Escola Pública,1
13,2,L,0,Ametista,5.0,8.0,7.6,9.000020000000001,7.5,7.083333333333334,6.888886666666665,7.356112666666667,Escola Pública,0
10,1,A,1,Topázio,5.0,9.5,9.7,9.000020000000001,6.875,8.125,9.250005,8.590003000000001,Escola Pública,1
14,3,C,1,Ametista,5.0,8.666666666666666,10.0,8.33334,7.5,8.541666666666666,8.888893333333332,8.448612666666666,Escola Pública,2
14,3,J,0,Ametista,5.0,8.666666666666666,8.8,9.583350000000001,7.5,8.125,7.833333333333334,8.080835,Escola Pública,0
10,1,J,0,Ametista,5.0,10.0,9.5,9.500020000000001,6.875,7.083333333333334,8.0,8.345835333333333,Escola Pública,1
8,1,A,0,Topázio,10.0,9.0,9.7,9.000020000000001,7.5,7.1875,7.25,8.558752,Escola Pública,1
12,2,N,0,Ágata,5.0,6.0,8.1,9.000020000000001,4.375,7.5,7.944446666666667,6.996391333333334,Escola Particular,3
11,1,K,0,Ametista,5.0,7.5,8.6,9.000020000000001,7.5,6.25,7.555549999999999,7.506112,Escola Pública,0
14,4,L,0,Ametista,10.0,6.333333333333333,8.0,8.75001,5.0,8.541666666666666,8.05556,7.706946333333334,Escola Particular,4
12,2,M,0,Ametista,5.0,7.5,8.3,8.000020000000001,7.5,7.5,7.916665,7.543335000000001,Escola Pública,1
14,2,F,0,Quartzo,5.0,0.5,5.8,7.4166799999999995,5.0,6.875,5.611106666666666,4.8113893333333335,Escola Pública,1
7,0,C,0,Topázio,10.0,8.5,10.0,10.000020000000001,7.5,7.5,7.58334,8.71667,Escola Pública,0
8,1,K,0,Ágata,10.0,0.0,7.9,8.500020000000001,7.5,7.916666666666668,8.11111,6.593890666666667,Escola Pública,0
12,2,D,0,Ametista,5.0,7.0,8.7,9.000020000000001,7.5,8.4375,7.5,7.633752,Escola Pública,1
12,2,R,0,Ágata,5.0,5.5,7.9,9.000020000000001,6.875,6.666666666666667,7.1666599999999985,6.867500666666667,Escola Pública,2
11,1,E,0,Ametista,5.0,6.5,9.4,9.500020000000001,7.5,7.291666666666667,7.944443333333333,7.698057333333334,Escola Pública,1
14,5,A,0,Topázio,10.0,8.0,9.4,10.000020000000001,8.125,8.958333333333334,8.05556,8.799447333333335,Escola Pública,2
13,2,M,0,Ágata,5.0,7.5,7.9,6.9166799999999995,4.375,8.125,7.916665,7.105001,Escola Pública,3
10,1,D,0,Ametista,5.0,7.5,9.5,8.000020000000001,7.5,8.125,7.75,7.812502,Escola Pública,1
8,0,A,0,Ametista,10.0,8.0,10.0,9.000020000000001,7.5,2.5,6.083335,7.7166690000000004,Escola Pública,1
8,1,M,0,Topázio,10.0,10.0,9.2,9.000020000000001,7.5,8.125,7.916665,8.885835,Escola Pública,0
13,3,A,0,Ametista,10.0,7.0,8.5,9.58335,7.5,7.96875,6.6666625,7.9385425000000005,Escola Pública,0
16,4,A,1,Topázio,5.0,7.666666666666667,10.0,10.000020000000001,10.0,9.166666666666666,9.888896666666668,8.927781333333334,Escola Particular,3
9,1,C,0,Ametista,10.0,7.0,8.8,9.500020000000001,7.5,7.916666666666668,7.333333333333333,8.118335333333334,Escola Pública,0
13,2,B,0,Ágata,5.0,7.5,7.7,7.41668,6.875,6.875,7.5,7.156668,Escola Pública,1
12,2,H,0,Ágata,5.0,2.0,6.3,9.500020000000001,7.5,7.8125,8.0,6.241251999999999,Escola Pública,1
16,5,G,0,Quartzo,5.0,1.3333333333333333,0.8,9.58335,3.125,7.8125,6.749995,4.328750666666667,Escola Pública,4
15,3,A,0,Ágata,5.0,7.666666666666667,8.1,5.83334,3.75,7.1875,6.3333325,6.5970838333333335,Escola Pública,1
15,4,A,0,Quartzo,5.0,2.6666666666666665,1.0,9.16668,7.5,8.125,5.1666566666666665,4.745832666666667,Escola Pública,1
13,3,L,1,Topázio,10.0,7.0,8.7,7.91667,7.5,8.59375,9.8333425,8.5077105,Escola Particular,3
15,5,A,0,Ágata,10.0,5.333333333333333,6.0,8.75001,7.5,7.500000000000001,7.444446666666667,7.1305570000000005,Escola Pública,0
15,4,F,1,Ametista,5.0,7.0,9.4,7.08333,4.375,7.96875,9.333337499999999,7.589375500000001,Escola Particular,2
10,2,H,1,Ametista,10.0,4.5,8.7,8.500020000000001,4.375,5.9375,8.833335,7.2879190000000005,Escola Pública,1
8,0,E,0,Ametista,10.0,9.0,10.0,9.000020000000001,5.0,2.5,4.75,7.400002000000001,Escola Pública,0
12,2,G,0,Ametista,5.0,8.5,9.5,9.500020000000001,5.0,6.875,7.055549999999999,7.648612,Escola Pública,2
9,1,K,0,Topázio,10.0,10.0,8.0,8.500020000000001,7.5,7.708333333333334,7.833333333333333,8.537502,Escola Pública,0
17,7,A,1,Ametista,10.0,6.833333333333333,8.1,8.75001,7.5,8.4375,9.208337499999999,8.297085166666667,Escola Pública,1
14,4,F,0,Quartzo,10.0,0.0,0.0,8.75001,7.5,7.65625,5.374995,4.465625,Escola Pública,2
15,4,A,1,Ametista,5.0,8.0,9.1,9.58335,9.375,8.125,8.722226666666666,8.372780333333333,Escola Pública,1
9,0,F,0,Ametista,5.0,9.5,10.0,9.000020000000001,7.5,7.8125,6.99999,8.231250000000001,Escola Pública,1
12,2,D,0,Ametista,5.0,7.5,9.1,8.000020000000001,6.25,7.8125,7.5,7.526252,Escola Pública,3
8,0,G,0,Topázio,10.0,9.0,10.0,10.000020000000001,10.0,7.8125,7.416665,9.064585000000001,Escola Pública,0
10,1,H,0,Ametista,5.0,10.0,9.4,9.500020000000001,7.5,7.916666666666668,7.777776666666667,8.427224,Escola Pública,2
13,3,F,0,Ametista,10.0,9.0,9.4,9.58335,4.375,7.083333333333334,8.000003333333332,8.384169,Escola Pública,4
9,0,D,0,Ametista,5.0,7.25,10.0,9.500020000000001,6.25,6.875,7.666665,7.745835,Escola Pública,1
12,3,F,0,Ametista,10.0,6.333333333333333,8.5,9.16668,5.0,7.083333333333334,6.222216666666667,7.336111333333334,Escola Pública,2
9,1,A,0,Ametista,10.0,6.25,8.8,8.500020000000001,7.5,7.8125,7.75,7.941252,Escola Pública,0
14,3,H,0,Quartzo,5.0,4.333333333333333,2.6,9.58335,6.875,8.333333333333334,5.722213333333335,5.510277666666668,Escola Pública,3
13,2,C,0,Ametista,5.0,6.0,8.9,8.500020000000001,7.5,7.916666666666668,7.444443333333333,7.360557333333334,Escola Pública,2
17,7,A,1,Ametista,10.0,4.833333333333333,9.6,9.16668,7.5,7.5,9.29167,8.161668666666667,Escola Particular,2
16,5,B,0,Ágata,5.0,6.0,8.8,7.91667,7.5,7.083333333333334,6.833333333333333,7.0766670000000005,Escola Pública,0
10,1,N,0,Ametista,5.0,7.5,9.2,7.4166799999999995,7.5,7.291666666666667,8.055556666666668,7.671946,Escola Pública,1
15,3,J,1,Ametista,5.0,8.0,9.5,9.16668,8.125,8.749999999999998,9.111113333333334,8.426390666666666,Escola Particular,2
9,1,N,0,Topázio,10.0,10.0,9.4,9.500020000000001,4.375,7.916666666666668,8.0,8.659168666666668,Escola Pública,1
13,3,F,0,Quartzo,10.0,1.3333333333333333,6.4,9.16668,4.375,6.666666666666667,4.666663333333334,5.500834,Escola Particular,3
11,1,F,0,Ametista,5.0,9.0,8.1,9.500020000000001,7.5,8.125,8.0,8.032502000000001,Escola Pública,0
12,2,P,0,Ágata,5.0,3.5,9.0,9.000020000000001,6.875,8.749999999999998,8.055560000000002,7.073614000000001,Escola Pública,2
16,3,J,0,Quartzo,2.5,3.6666666666666665,7.3,5.8333200000000005,6.25,7.291666666666667,5.999996666666666,5.580831333333333,Escola Pública,0
13,2,M,0,Ágata,5.0,7.0,6.9,9.500020000000001,7.5,6.875,7.58333,7.1841680000000006,Escola Pública,2
9,1,N,0,Ametista,10.0,10.0,6.2,9.500020000000001,7.5,6.875,7.444443333333333,8.116390666666666,Escola Pública,1
10,2,N,0,Ametista,10.0,5.5,9.9,9.000020000000001,3.75,8.125,8.11111,7.7897240000000005,Escola Particular,2
10,1,H,0,Quartzo,5.0,0.0,4.3,9.500020000000001,7.5,7.291666666666667,7.61111,5.311390666666667,Escola Pública,3
14,4,F,0,Ágata,10.0,6.333333333333333,4.2,9.16668,7.5,8.4375,6.916665,7.000417666666667,Escola Pública,2
12,2,P,0,Ametista,5.0,7.0,9.6,9.500020000000001,7.5,8.333333333333334,7.666666666666667,7.886668666666667,Escola Pública,0
10,2,N,0,Ágata,10.0,2.5,7.9,9.000020000000001,6.25,7.5,7.22222,6.7994460000000005,Escola Pública,1
9,0,F,0,Ametista,5.0,9.5,5.6,9.000020000000001,7.5,7.5,6.99999,7.32,Escola Pública,1
14,5,F,0,Ametista,10.0,6.0,8.3,7.08333,4.375,8.28125,8.458337499999999,7.5256255,Escola Particular,2
11,2,F,0,Topázio,10.0,9.0,9.4,9.500020000000001,6.875,7.708333333333334,7.944443333333333,8.677223999999999,Escola Pública,1
10,2,G,0,Ametista,10.0,6.0,7.3,9.000020000000001,7.5,7.708333333333334,8.277776666666668,7.736390666666667,Escola Particular,2
9,1,A,0,Topázio,10.0,9.0,9.6,9.000020000000001,10.0,8.125,7.75,8.982502,Escola Pública,1
12,3,G,0,Ágata,10.0,7.333333333333333,5.8,8.33334,3.125,6.875,7.72222,7.004444666666667,Escola Particular,2
14,3,J,0,Ametista,5.0,8.333333333333334,9.4,9.16668,7.5,8.125,7.944446666666668,8.114724,Escola Pública,0
14,3,C,0,Ametista,5.0,8.0,6.8,9.58335,7.5,8.749999999999998,7.777776666666667,7.598890333333334,Escola Pública,1
8,0,H,0,Ametista,10.0,9.0,10.0,9.000020000000001,6.25,2.5,5.5,7.675002000000001,Escola Pública,0
10,1,H,0,Ametista,5.0,7.5,9.4,9.000020000000001,7.5,7.916666666666668,7.444443333333333,7.8105573333333345,Escola Pública,1
11,2,P,0,Ametista,10.0,4.0,8.3,9.500020000000001,7.5,8.333333333333332,7.666670000000001,7.5266693333333325,Escola Pública,1
9,1,B,0,Topázio,10.0,10.0,9.9,9.000020000000001,5.0,7.1875,7.416665,8.582085,Escola Pública,1
8,1,M,0,Topázio,10.0,10.0,9.1,8.000020000000001,7.5,8.125,7.916665,8.765835000000001,Escola Pública,0
10,1,N,0,Ágata,5.0,5.0,8.6,8.000020000000001,7.5,7.5,7.222219999999999,6.964446,Escola Pública,1
12,3,R,1,Ametista,10.0,6.666666666666667,7.2,9.16668,7.5,8.125,9.000003333333332,8.052502,Escola Pública,2
12,2,E,0,Ametista,5.0,6.0,9.6,8.500020000000001,7.5,7.916666666666668,7.11111,7.433890666666667,Escola Pública,1
11,2,J,0,Ametista,10.0,8.5,8.8,9.000020000000001,7.5,7.083333333333333,8.277776666666666,8.473890666666668,Escola Particular,2
17,5,L,0,Quartzo,5.0,0.0,4.9,8.33334,7.5,8.541666666666666,5.388883333333333,4.995277333333333,Escola Pública,0
17,5,A,0,Ágata,5.0,4.333333333333333,6.5,6.24999,7.5,8.333333333333334,6.88888,6.252775000000001,Escola Pública,0
12,2,M,0,Ágata,5.0,4.5,7.8,9.000020000000001,6.875,7.1875,7.58333,6.7829180000000004,Escola Pública,1
8,0,F,0,Topázio,10.0,9.0,9.9,10.000020000000001,7.5,7.5,7.5,8.780002,Escola Pública,0
17,5,L,0,Quartzo,5.0,0.0,2.2,7.5,3.125,7.708333333333334,4.94444,3.7622213333333336,Escola Pública,0
15,5,G,1,Ametista,10.0,6.333333333333333,9.0,8.75001,4.375,8.90625,9.0000025,8.069793166666667,Escola Particular,4
12,2,C,0,Ametista,5.0,7.5,9.1,9.500020000000001,7.5,7.916666666666668,7.111106666666665,7.73389,Escola Pública,1
10,1,D,1,Ametista,5.0,9.0,8.7,9.500020000000001,7.5,8.125,9.000005,8.352502999999999,Escola Pública,1
8,0,B,1,Topázio,10.0,10.0,10.0,9.000020000000001,7.5,7.5,8.833335,9.166669,Escola Pública,0
11,2,N,0,Ametista,10.0,5.5,8.5,8.000020000000001,7.5,8.125,7.944446666666668,7.751391333333333,Escola Pública,1
10,1,C,0,Ametista,5.0,10.0,9.4,9.500020000000001,7.5,7.5,7.166663333333332,8.263334666666667,Escola Pública,0
12,1,E,0,Quartzo,5.0,0.0,3.3,8.41668,6.875,6.458333333333334,6.833326666666666,4.701666666666667,Escola Pública,0
12,3,M,0,Ametista,10.0,8.666666666666666,5.4,8.75001,7.5,7.96875,7.79167,7.793543333333334,Escola Pública,1
14,3,R,1,Ametista,5.0,7.666666666666667,9.3,7.5,7.5,8.333333333333334,8.83334,7.993334666666667,Escola Pública,2
13,4,L,0,Quartzo,10.0,0.0,2.1,7.5,7.5,7.916666666666668,5.611103333333333,4.833887333333333,Escola Pública,2
12,3,F,0,Ágata,10.0,3.6666666666666665,2.8,9.16668,7.5,7.5,7.72222,6.254445333333334,Escola Pública,1
16,3,L,0,Quartzo,2.5,2.6666666666666665,3.7,7.5,4.375,6.09375,5.0833275,4.336873833333334,Escola Pública,1
12,2,C,0,Ametista,5.0,9.0,8.5,9.500020000000001,6.875,7.916666666666668,7.555549999999999,7.940278666666668,Escola Pública,2
9,0,D,0,Ametista,5.0,9.5,10.0,8.500020000000001,7.5,8.125,7.5,8.312502,Escola Pública,2
10,0,E,0,Ametista,5.0,9.5,10.0,8.500020000000001,7.5,5.0,5.66666,7.6333340000000005,Escola Pública,1
12,3,C,0,Ametista,10.0,7.333333333333333,8.3,8.75001,7.5,8.749999999999998,7.833333333333334,8.193334333333334,Escola Pública,0
14,4,A,0,Topázio,10.0,6.666666666666667,9.8,9.16668,10.0,8.749999999999998,8.55556,8.796113333333334,Escola Particular,4
8,0,C,0,Ametista,10.0,7.5,10.0,9.500020000000001,7.5,6.875,6.83333,8.254168,Escola Pública,0
11,1,J,0,Ametista,5.0,10.0,8.0,7.4166799999999995,6.875,7.083333333333334,7.833333333333333,7.804168000000001,Escola Pública,1
10,1,J,0,Ágata,5.0,4.25,6.7,9.000020000000001,7.5,7.291666666666667,7.666666666666667,6.602502,Escola Pública,1
16,5,G,0,Quartzo,5.0,4.0,6.7,8.33334,3.125,6.09375,4.2916675,5.2535425,Escola Pública,3
8,0,D,0,Ametista,10.0,9.0,10.0,9.000020000000001,4.375,6.875,7.41667,8.308336,Escola Pública,1
14,3,M,0,Ágata,5.0,3.3333333333333335,5.5,9.16668,7.5,7.96875,7.375,6.205209666666667,Escola Pública,1
11,2,L,0,Ametista,10.0,6.0,8.6,7.50002,7.5,7.708333333333334,7.222219999999999,7.635279333333334,Escola Pública,2
17,5,L,0,Ágata,5.0,2.6666666666666665,4.8,8.75001,7.5,8.541666666666666,8.222223333333334,6.116945666666667,Escola Pública,2
10,0,B,1,Topázio,5.0,8.5,10.0,9.500020000000001,7.5,10.0,10.00001,8.900004,Escola Pública,1
10,1,N,0,Ágata,5.0,8.0,4.6,7.00002,7.5,7.083333333333333,7.166663333333332,6.611668,Escola Pública,2
16,6,A,0,Quartzo,10.0,2.0,4.9,0.0,7.5,7.96875,6.9166625,5.3102075,Escola Pública,1
16,5,B,0,Ametista,5.0,5.333333333333333,9.1,9.16668,7.5,8.333333333333332,7.055553333333334,7.297778666666666,Escola Particular,4
13,2,D,0,Ametista,5.0,8.5,9.3,9.000020000000001,7.5,7.8125,7.75,8.041252,Escola Pública,1
7,0,B,0,Topázio,10.0,10.0,10.0,10.000020000000001,7.5,7.5,8.083335,9.116669,Escola Pública,1
12,3,B,0,Ametista,10.0,6.666666666666667,7.4,9.58335,7.5,7.96875,7.5,7.818543333333334,Escola Particular,3
13,2,H,0,Ágata,5.0,3.5,8.9,7.91668,4.375,4.6875,8.583335,6.394585,Escola Pública,4
11,1,D,0,Ametista,5.0,7.5,9.4,7.50002,7.5,7.1875,7.75,7.648752,Escola Pública,4
10,0,E,1,Ametista,5.0,9.5,9.9,9.000020000000001,4.375,2.5,8.833335,7.7341690000000005,Escola Pública,1
10,1,A,0,Ametista,5.0,8.5,7.7,9.500020000000001,7.5,8.125,8.0,7.852501999999999,Escola Pública,1
16,6,B,0,Ágata,10.0,4.5,5.8,7.91667,6.25,7.5,7.9166675,6.8100005,Escola Pública,2
8,1,A,0,Topázio,10.0,9.0,8.8,10.000020000000001,7.5,7.8125,7.25,8.541252,Escola Pública,1
15,3,J,1,Ametista,5.0,8.333333333333334,8.7,8.33334,6.875,9.166666666666666,9.611113333333332,8.266390000000001,Escola Particular,1
12,2,B,1,Ametista,5.0,6.5,8.2,8.000020000000001,7.5,5.0,9.33334,7.356669999999999,Escola Pública,2
14,4,E,1,Ametista,10.0,6.666666666666667,5.5,9.16668,10.0,9.375,9.7083425,8.229169833333334,Escola Particular,2
10,2,F,0,Ametista,10.0,8.0,9.1,9.000020000000001,5.0,7.708333333333334,7.222216666666665,8.035278666666667,Escola Particular,1
11,2,N,0,Topázio,10.0,9.0,9.7,9.500020000000001,6.875,8.333333333333334,7.888890000000001,8.788613333333334,Escola Pública,1
13,3,B,0,Ágata,10.0,4.0,8.1,9.58335,6.25,7.34375,6.541665,7.046043,Escola Pública,1
17,6,C,0,Ágata,5.0,6.166666666666667,8.0,7.5,6.25,7.8125,8.20834,7.131251333333334,Escola Particular,1
17,6,A,0,Quartzo,5.0,5.833333333333333,4.5,0.0,6.25,7.8125,7.291665,5.431249666666666,Escola Pública,1
13,3,A,0,Ágata,10.0,4.833333333333333,6.7,9.58335,7.5,7.96875,6.8333325,7.178543166666667,Escola Pública,1
14,4,E,0,Ametista,10.0,7.666666666666667,7.2,9.58335,5.0,7.8125,7.6250025,7.7379188333333335,Escola Pública,1
12,2,C,0,Ametista,5.0,7.5,8.9,6.91668,7.5,7.708333333333334,7.499996666666666,7.4925006666666665,Escola Pública,1
13,2,D,0,Ágata,5.0,6.0,7.0,8.500020000000001,7.5,7.8125,7.5,6.9812520000000005,Escola Pública,1
17,6,A,0,Quartzo,5.0,3.1666666666666665,7.0,7.5,6.25,7.1875,6.70833,5.968749333333333,Escola Pública,3
15,3,J,0,Ágata,5.0,4.666666666666667,6.1,9.16668,6.875,8.125,5.777770000000001,6.225555333333334,Escola Pública,0
16,4,F,0,Quartzo,5.0,0.0,1.2,6.66667,2.5,5.0,4.5416725,3.0650014999999997,Escola Pública,2
10,0,E,0,Ágata,5.0,9.0,10.0,9.500020000000001,5.625,2.5,4.833325,7.029166999999999,Escola Pública,1
9,1,H,0,Topázio,10.0,9.5,8.8,9.500020000000001,7.5,7.916666666666668,7.61111,8.673890666666669,Escola Pública,2
13,3,B,0,Ametista,10.0,8.666666666666666,9.0,8.33334,7.5,7.8125,6.916665,8.281250333333332,Escola Pública,1
15,3,F,1,Topázio,5.0,9.333333333333334,9.9,9.16668,6.875,8.125,8.944449999999998,8.552224666666667,Escola Pública,1
14,3,L,0,Ágata,5.0,4.666666666666667,7.8,10.000020000000001,4.375,5.625,6.1249975,6.2183348333333335,Escola Pública,2
13,2,D,0,Ametista,5.0,9.0,9.9,8.000020000000001,7.5,7.5,7.5,8.080002,Escola Pública,1
13,2,E,0,Quartzo,5.0,4.0,6.3,9.500020000000001,5.0,6.25,5.277776666666666,5.6905573333333335,Escola Pública,3
9,1,F,0,Ametista,10.0,4.5,8.7,9.500020000000001,6.25,8.125,8.0,7.627502,Escola Pública,1
11,1,M,0,Ametista,5.0,10.0,8.5,7.9166799999999995,7.5,7.1875,7.916665,8.043751,Escola Pública,0
9,1,G,0,Ametista,10.0,9.0,8.3,8.000020000000001,7.5,7.1875,7.25,8.178752,Escola Pública,1
12,3,C,1,Topázio,10.0,8.333333333333334,9.5,9.583350000000001,6.25,8.749999999999998,9.500006666666668,8.925003,Escola Pública,1
10,1,D,0,Ágata,5.0,4.5,5.0,9.500020000000001,7.5,7.1875,7.25,6.268752,Escola Pública,2
15,5,B,0,Quartzo,10.0,0.0,2.0,7.91667,3.75,6.875,5.833333333333335,4.420833666666667,Escola Pública,1
15,5,F,1,Ametista,10.0,5.0,7.0,7.08333,6.875,8.28125,8.8333375,7.3906255000000005,Escola Pública,1
10,1,K,0,Quartzo,5.0,0.0,5.1,8.500020000000001,7.5,7.916666666666668,7.277776666666666,5.367224,Escola Pública,0
15,5,B,0,Ametista,10.0,6.333333333333333,8.0,8.75001,8.75,9.166666666666666,8.500003333333334,8.233335,Escola Pública,3
13,2,M,0,Quartzo,5.0,4.25,3.1,8.000020000000001,6.875,7.1875,7.58333,5.692918,Escola Pública,1
10,0,D,0,Ametista,5.0,10.0,10.0,9.000020000000001,5.625,2.5,7.66667,7.745836000000001,Escola Pública,1
13,2,G,0,Ágata,5.0,4.5,8.1,9.000020000000001,7.5,8.125,7.888886666666667,7.060279333333334,Escola Pública,1
17,7,A,0,Quartzo,10.0,4.333333333333333,1.0,7.91667,7.5,7.03125,5.75,5.461458666666667,Escola Pública,1
11,2,N,0,Ametista,10.0,8.0,9.6,8.500020000000001,6.875,6.875,6.777776666666665,8.100557333333333,Escola Pública,1
12,3,B,0,Ágata,10.0,3.3333333333333335,9.5,7.91667,4.375,7.65625,6.333335,6.828125666666667,Escola Particular,3
11,2,L,0,Ágata,10.0,3.75,6.8,9.000020000000001,7.5,7.083333333333333,7.222219999999999,6.912779333333333,Escola Pública,0
11,2,D,0,Ametista,10.0,7.0,8.8,8.500020000000001,7.5,8.4375,7.75,8.153752,Escola Pública,0
16,6,A,0,Ametista,10.0,5.333333333333333,8.8,8.75001,6.25,8.4375,8.2500025,7.820418166666667,Escola Particular,4
11,1,K,0,Ágata,5.0,7.5,5.8,9.000020000000001,5.0,7.083333333333333,7.611106666666666,6.790556666666666,Escola Pública,0
16,6,B,0,Ametista,10.0,5.833333333333333,7.6,7.91667,6.25,7.5,8.333332500000001,7.520000166666668,Escola Pública,2
9,1,A,1,Topázio,10.0,10.0,9.5,7.00002,7.5,8.125,9.000005,8.962503,Escola Pública,1
10,1,D,1,Topázio,5.0,10.0,9.5,10.000020000000001,7.5,7.5,9.000005,8.700003,Escola Pública,1
13,3,A,1,Ametista,10.0,8.0,8.8,8.33334,4.375,9.375,9.37501,8.443336,Escola Particular,4
17,7,B,1,Topázio,10.0,7.5,9.5,9.16668,7.5,8.90625,9.416675000000001,8.840628,Escola Particular,3
13,4,B,1,Ametista,10.0,3.8333333333333335,9.7,8.33334,7.5,8.958333333333332,8.944453333333334,7.974724666666667,Escola Pública,3
17,7,B,0,Ametista,10.0,7.0,6.6,9.16668,6.875,7.34375,7.374995,7.533542000000001,Escola Particular,4
11,1,R,1,Ametista,5.0,9.5,8.6,8.500020000000001,7.5,8.75,8.77778,8.350558,Escola Pública,1
14,2,P,0,Quartzo,5.0,0.0,8.0,6.9166799999999995,7.5,8.541666666666666,7.944446666666668,5.984724,Escola Pública,1
11,1,R,0,Ametista,5.0,9.5,8.1,9.500020000000001,5.625,8.75,8.611113333333334,8.129724666666666,Escola Pública,1
11,2,N,0,Ametista,10.0,6.5,8.5,6.91668,7.5,7.916666666666667,6.833329999999999,7.600000666666666,Escola Pública,1
9,1,J,0,Ametista,10.0,8.0,9.2,9.500020000000001,5.625,5.208333333333333,7.222216666666665,7.917778666666665,Escola Pública,2
12,3,L,0,Ametista,10.0,4.666666666666667,9.7,6.24999,7.5,8.4375,7.375,7.5670823333333335,Escola Particular,3
12,2,E,0,Quartzo,5.0,7.0,7.0,0.0,4.375,6.666666666666666,7.999996666666666,6.0041660000000014,Escola Pública,3
12,2,H,0,Quartzo,5.0,0.0,8.2,9.500020000000001,7.5,7.1875,7.249995,6.008751,Escola Pública,1
13,2,G,0,Ágata,5.0,5.5,8.3,7.9166799999999995,7.5,7.5,7.166663333333332,6.985000666666667,Escola Pública,1
8,1,F,0,Topázio,10.0,10.0,8.8,7.4166799999999995,7.5,6.875,8.0,8.539168,Escola Pública,2
11,2,G,0,Quartzo,10.0,0.0,2.1,0.0,7.5,6.875,6.611106666666666,4.179721333333333,Escola Pública,2
9,1,B,0,Topázio,10.0,9.5,8.9,9.500020000000001,7.5,8.125,7.75,8.742502000000002,Escola Pública,1
13,3,G,0,Ametista,10.0,7.666666666666667,9.2,9.16668,6.875,8.541666666666666,8.055553333333332,8.442778666666666,Escola Particular,3
14,5,F,1,Ametista,10.0,6.0,7.9,9.16668,6.25,8.59375,9.125005,8.006044,Escola Particular,3
13,3,R,0,Ágata,10.0,3.3333333333333335,5.0,6.66666,7.5,8.125,7.94444,6.484720666666667,Escola Pública,1
14,3,M,0,Ametista,5.0,7.666666666666667,6.7,9.16668,10.0,7.65625,7.7916675,7.613959833333333,Escola Pública,0
16,6,B,0,Quartzo,10.0,3.1666666666666665,6.5,0.0,7.5,7.1875,6.9999975,5.802082833333333,Escola Pública,2
10,0,G,0,Ametista,5.0,10.0,10.0,8.500020000000001,5.625,2.5,6.3333200000000005,7.429166,Escola Pública,1
12,2,D,0,Ágata,5.0,8.0,3.5,8.500020000000001,6.875,7.8125,7.0,6.518752000000001,Escola Pública,2
15,4,A,0,Quartzo,5.0,0.0,4.6,7.91667,7.5,7.916666666666668,8.222226666666668,5.397779,Escola Pública,2
14,3,M,0,Ametista,5.0,8.0,6.8,10.000020000000001,7.5,7.96875,8.166667499999999,7.6402105,Escola Pública,1
10,1,C,0,Ametista,5.0,9.0,8.9,9.500020000000001,7.5,7.291666666666667,7.333333333333333,7.975835333333334,Escola Pública,0
15,5,G,0,Quartzo,10.0,0.6666666666666666,7.5,7.91667,3.125,6.40625,5.2916625,5.436457833333334,Escola Particular,4
15,4,A,0,Ágata,5.0,2.6666666666666665,9.0,8.33334,7.5,8.125,8.055560000000002,6.840279333333334,Escola Pública,0
10,1,H,0,Ametista,5.0,9.5,8.4,10.000020000000001,7.5,7.916666666666668,7.444443333333333,8.110557333333334,Escola Pública,1
16,4,B,0,Ametista,5.0,7.666666666666667,9.9,8.75001,7.5,8.749999999999998,8.055560000000002,8.124446333333335,Escola Pública,1
12,2,R,0,Ametista,5.0,7.5,8.7,8.500020000000001,5.0,7.291666666666667,8.22222,7.463612666666667,Escola Pública,2
10,2,E,0,Ametista,10.0,6.0,6.5,8.500020000000001,7.5,7.708333333333334,7.888886666666666,7.448612666666667,Escola Pública,1
15,4,A,1,Ametista,5.0,7.333333333333333,8.4,9.16668,7.5,8.958333333333332,8.666673333333334,7.942502666666667,Escola Pública,1
9,1,G,0,Topázio,10.0,10.0,8.5,10.000020000000001,7.5,7.1875,7.75,8.718752,Escola Pública,1
13,3,E,1,Ametista,10.0,7.666666666666667,5.9,7.08333,5.0,8.958333333333332,9.111120000000001,7.639723666666667,Escola Pública,3
9,0,H,0,Ametista,5.0,10.0,10.0,9.000020000000001,7.5,2.5,4.58334,7.31667,Escola Pública,1
16,7,A,1,Ametista,10.0,6.833333333333333,9.1,7.91667,7.5,8.28125,9.125002499999999,8.381459166666666,Escola Pública,2
7,0,A,0,Ágata,10.0,8.5,8.8,7.9166799999999995,2.5,2.5,2.75,6.301668,Escola Particular,0
16,5,A,0,Ágata,5.0,4.333333333333333,8.6,8.75001,7.5,7.708333333333334,6.555550000000001,6.793611000000001,Escola Pública,0
8,0,H,0,Topázio,10.0,9.0,9.9,9.000020000000001,7.5,7.8125,6.99999,8.61125,Escola Pública,0
10,0,A,0,Ágata,5.0,8.5,10.0,8.500020000000001,7.5,2.5,5.58334,7.16667,Escola Pública,0
16,6,B,0,Ágata,10.0,6.0,7.8,0.0,7.5,7.1875,7.499995,6.728749,Escola Particular,4
12,2,L,0,Ágata,5.0,3.0,7.1,8.500020000000001,7.5,6.666666666666667,6.666663333333334,6.120001333333334,Escola Pública,0
9,1,K,0,Ametista,10.0,10.0,6.9,6.9166799999999995,7.5,7.291666666666667,7.5,8.050834666666667,Escola Pública,0
11,2,P,0,Topázio,10.0,9.0,9.4,10.000020000000001,7.5,8.75,8.222226666666668,8.949447333333334,Escola Pública,1
12,2,C,0,Quartzo,5.0,0.0,1.1,0.0,7.5,7.708333333333334,8.055556666666668,3.8519446666666672,Escola Pública,1
16,6,B,0,Quartzo,10.0,0.0,2.8,7.91667,5.0,6.25,5.0833275,4.4933325,Escola Pública,1
10,1,A,0,Ágata,5.0,5.75,8.7,8.500020000000001,5.625,5.9375,7.25,6.846252000000001,Escola Pública,1
18,7,B,0,Ágata,5.0,5.666666666666667,8.3,7.91667,6.875,7.5,7.7916675,7.080833833333333,Escola Pública,1
8,0,F,0,Topázio,10.0,9.0,9.9,9.500020000000001,7.5,7.5,6.583335,8.546669,Escola Pública,1
14,6,A,0,Ametista,10.0,5.166666666666667,8.5,7.91667,7.5,8.28125,8.583335,7.819792333333333,Escola Particular,3
11,1,R,0,Quartzo,5.0,0.0,0.9,8.000020000000001,7.5,7.083333333333334,6.944439999999998,4.3272233333333325,Escola Pública,1
13,2,H,0,Ágata,5.0,3.0,7.9,9.000020000000001,4.375,5.0,8.5,6.2175020000000005,Escola Pública,4
17,7,A,0,Ametista,10.0,6.833333333333333,8.0,7.5,7.5,8.125,8.0416725,7.887501166666667,Escola Pública,1
14,3,H,0,Quartzo,5.0,2.1666666666666665,5.2,8.33334,5.0,7.5,5.666660000000001,5.189999333333334,Escola Pública,0
12,2,B,0,Quartzo,5.0,4.5,6.9,8.000020000000001,5.0,3.75,5.999995,5.655001,Escola Particular,4
10,0,B,0,Topázio,5.0,10.0,10.0,9.500020000000001,7.5,7.5,7.750005,8.500003,Escola Pública,1
10,1,J,0,Ametista,5.0,10.0,9.2,6.41668,6.875,7.291666666666667,7.5,7.898334666666667,Escola Pública,1
10,1,N,0,Ametista,5.0,10.0,9.1,9.000020000000001,4.375,7.916666666666668,8.0,8.049168666666667,Escola Pública,1
10,1,K,0,Ametista,5.0,10.0,7.9,9.000020000000001,7.5,7.708333333333334,7.5,8.000835333333335,Escola Pública,2
13,2,M,0,Quartzo,5.0,0.0,8.3,6.91668,5.0,6.5625,6.583325,5.3245830000000005,Escola Pública,2
10,2,G,1,Ametista,10.0,1.5,8.7,9.500020000000001,7.5,8.125,8.66667,7.285836,Escola Particular,3
14,3,R,0,Quartzo,5.0,3.6666666666666665,4.0,8.33334,7.5,8.125,5.777770000000001,5.584721333333334,Escola Pública,0
10,1,D,1,Ametista,5.0,9.5,8.1,9.500020000000001,7.5,8.125,9.000005,8.332502999999999,Escola Pública,1
14,3,E,0,Ametista,5.0,7.666666666666667,10.0,10.000020000000001,7.5,7.5,6.944439999999999,7.922223333333333,Escola Pública,1
17,7,B,1,Ametista,10.0,7.166666666666667,8.9,8.75001,6.875,8.125,9.2083425,8.430002833333335,Escola Particular,1
11,2,M,0,Quartzo,10.0,0.0,8.0,8.000020000000001,5.0,6.25,6.583325,5.841667000000001,Escola Pública,2
14,1,R,0,Ágata,2.5,6.0,7.4,8.000020000000001,5.625,6.458333333333334,7.555549999999998,6.449445333333334,Escola Pública,2
17,7,B,0,Ágata,10.0,4.666666666666667,8.1,9.16668,6.875,7.34375,6.333335,7.158543333333334,Escola Pública,1
13,3,R,1,Ametista,10.0,6.333333333333333,7.1,7.91667,6.875,8.541666666666666,9.11112,7.842224333333333,Escola Pública,2
